"species_grep","species","species_match","matched","taxonomic_class","species.original"
"1","Ascophyllum_nodosum","Ascophyllum nodosum","Ascophyllum_nodosum_f._nodosum_ott784492","yes","Phaeophyceae","Ascophyllum nodosum"
"2","Daphne_rodriguezii","Daphne rodriguezii","Daphne_rodriguezii_ott140098","yes","Magnoliopsida","Daphne rodriguezii"
"3","Erythronium_japonicum","Erythronium japonicum","Erythronium_japonicum_ott545825","yes","Liliopsida","Erythronium japonicum"
"4","Lantana_camara","Lantana camara","Lantana_camara_ott78889","yes","Magnoliopsida","Lantana camara"
"5","Linnaea_borealis","Linnaea borealis","Linnaea_borealis_subsp._longiflora_ott5761005","yes","Magnoliopsida","Linnaea borealis"
"6","Panax_quinquefolius","Panax quinquefolius","Panax_quinquefolius_ott831308","yes","Magnoliopsida","Panax quinquefolius"
"7","Primula_farinosa","Primula farinosa","Primula_farinosa_ott993540","yes","Magnoliopsida","Primula farinosa"
"8","Trillium_persistens","Trillium persistens","Trillium_persistens_ott3967066","yes","Liliopsida","Trillium persistens"
"9","Vella_pseudocytisus","Vella pseudocytisus subsp. paui","Vella_pseudocytisus_subsp._paui_ott683967","yes","Magnoliopsida","Vella pseudocytisus subsp. paui"
"10","Anthyllis_vulneraria","Anthyllis vulneraria","Anthyllis_vulneraria_subsp._lapponica_ott45130","yes","Magnoliopsida","Anthyllis vulneraria"
"11","Cirsium_vulgare","Cirsium vulgare","Cirsium_vulgare_subsp._vulgare_ott490167","yes","Magnoliopsida","Cirsium vulgare"
"12","Lepanthes_caritensis","Lepanthes caritensis","Lepanthes_caritensis_ott3984346","yes","Liliopsida","Lepanthes caritensis"
"13","Trillium_grandiflorum","Trillium grandiflorum","Trillium_grandiflorum_ott1011461","yes","Liliopsida","Trillium grandiflorum"
"14","Ecklonia_radiata","Ecklonia radiata","Ecklonia_radiata_ott690479","yes","Phaeophyceae","Ecklonia radiata"
"15","Fucus_vesiculosus","Fucus vesiculosus","Fucus_vesiculosus_var._spiralis_ott383004","yes","Phaeophyceae","Fucus vesiculosus"
"16","Cerastium_pumilum","Cerastium pumilum","Cerastium_pumilum_ott374185","yes","Magnoliopsida","Cerastium pumilum"
"17","Gilia_tenuiflora","Gilia tenuiflora subsp. hoffmannii","Gilia_tenuiflora_subsp._arenaria_ott7050443","yes","Magnoliopsida","Gilia tenuiflora subsp. hoffmannii"
"18","Malacothrix_indecora","Malacothrix indecora","Malacothrix_indecora_ott694520","yes","Magnoliopsida","Malacothrix indecora"
"19","Phacelia_insularis","Phacelia insularis","Phacelia_insularis_var._insularis_ott119048","yes","Magnoliopsida","Phacelia insularis"
"20","Aspasia_principissa","Aspasia principissa","Aspasia_principissa_ott174548","yes","Liliopsida","Aspasia principissa"
"21","Catopsis_compacta","Catopsis compacta","Catopsis_compacta_ott3964236","yes","Liliopsida","Catopsis compacta"
"22","Catopsis_sessiliflora","Catopsis sessiliflora","Catopsis_sessiliflora_ott3964227","yes","Liliopsida","Catopsis sessiliflora"
"23","Guarianthe_aurantiaca","Guarianthe aurantiaca","Guarianthe_aurantiaca_ott794303","yes","Liliopsida","Guarianthe aurantiaca"
"24","Jacquiniella_leucomelana","Jacquiniella leucomelana","Jacquiniella_leucomelana_ott3983552","yes","Liliopsida","Jacquiniella leucomelana"
"25","Jacquiniella_teretifolia","Jacquiniella teretifolia","Jacquiniella_teretifolia_ott562583","yes","Liliopsida","Jacquiniella teretifolia"
"26","Lepanthes_eltoroensis","Lepanthes eltoroensis","Lepanthes_eltoroensis_ott3984424","yes","Liliopsida","Lepanthes eltoroensis"
"27","Lepanthes_rubripetala","Lepanthes rubripetala","Lepanthes_rubripetala_ott3984672","yes","Liliopsida","Lepanthes rubripetala"
"28","Lycaste_aromatica","Lycaste aromatica","Lycaste_aromatica_ott134788","yes","Liliopsida","Lycaste aromatica"
"29","Tillandsia_brachycaulos","Tillandsia brachycaulos","Tillandsia_brachycaulos_ott3963708","yes","Liliopsida","Tillandsia brachycaulos"
"30","Tillandsia_deppeana","Tillandsia deppeana","Tillandsia_deppeana_ott827359","yes","Liliopsida","Tillandsia deppeana"
"31","Tillandsia_flexuosa","Tillandsia flexuosa","Tillandsia_flexuosa_ott3963542","yes","Liliopsida","Tillandsia flexuosa"
"32","Tillandsia_juncea","Tillandsia juncea","Tillandsia_juncea_ott183440","yes","Liliopsida","Tillandsia juncea"
"33","Tillandsia_macdougallii","Tillandsia macdougallii","Tillandsia_macdougallii_ott29181","yes","Liliopsida","Tillandsia macdougallii"
"34","Tillandsia_multicaulis","Tillandsia multicaulis","Tillandsia_multicaulis_ott147422","yes","Liliopsida","Tillandsia multicaulis"
"35","Tillandsia_punctulata","Tillandsia punctulata","Tillandsia_punctulata_ott757792","yes","Liliopsida","Tillandsia punctulata"
"36","Tillandsia_recurvata","Tillandsia recurvata","Tillandsia_recurvata_ott602438","yes","Liliopsida","Tillandsia recurvata"
"37","Tolumnia_variegata","Tolumnia variegata","Tolumnia_variegata_ott130425","yes","Liliopsida","Tolumnia variegata"
"38","Vulpicida_pinastri","Vulpicida pinastri","Vulpicida_pinastri_ott880692","yes","Lecanoromycetes","Vulpicida pinastri"
"39","Vriesea_sanguinolenta","Vriesea sanguinolenta","Vriesea_sanguinolenta_ott3962477","yes","Liliopsida","Vriesea sanguinolenta"
"40","Asplenium_adulterinum","Asplenium adulterinum","Asplenium_adulterinum","no","Polypodiopsida","Asplenium adulterinum"
"41","Asplenium_cuneifolium","Asplenium cuneifolium","Asplenium_cuneifolium_subsp._cuneifolium_ott714485","yes","Polypodiopsida","Asplenium cuneifolium"
"42","Asplenium_scolopendrium","Asplenium scolopendrium","Asplenium_scolopendrium_var._americanum_ott7045191","yes","Pteridopsida","Asplenium scolopendrium"
"43","Actaea_elata","Actaea elata","Actaea_elata_ott988729","yes","Magnoliopsida","Actaea elata"
"44","Actaea_spicata","Actaea spicata","Actaea_spicata_ott462243","yes","Magnoliopsida","Actaea spicata"
"45","Adenocarpus_gibbsianus","Adenocarpus gibbsianus","Adenocarpus_gibbsianus_ott676869","yes","Magnoliopsida","Adenocarpus gibbsianus"
"46","Agrimonia_eupatoria","Agrimonia eupatoria","Agrimonia_eupatoria_ott852855","yes","Magnoliopsida","Agrimonia eupatoria"
"47","Alliaria_petiolata","Alliaria petiolata","Alliaria_petiolata_ott440662","yes","Magnoliopsida","Alliaria petiolata"
"48","Allium_sativum","Allium sativum","Allium_sativum_f._pekinense_ott1039212","yes","Liliopsida","Allium sativum"
"49","Allium_tricoccum","Allium tricoccum","Allium_tricoccum_ott989426","yes","Liliopsida","Allium tricoccum"
"50","Anarrhinum_fruticosum","Anarrhinum fruticosum","Anarrhinum_fruticosum_ott361910","yes","Magnoliopsida","Anarrhinum fruticosum"
"51","Schizachyrium_sanguineum","Schizachyrium sanguineum","Schizachyrium_sanguineum_var._hirtiflorum_ott364056","yes","Liliopsida","Schizachyrium sanguineum"
"52","Vitaliana_primuliflora","Vitaliana primuliflora","Vitaliana_primuliflora","no","Magnoliopsida","Vitaliana primuliflora"
"53","Anthericum_liliago","Anthericum liliago","Anthericum_liliago_ott655583","yes","Liliopsida","Anthericum liliago"
"54","Anthericum_ramosum","Anthericum ramosum","Anthericum_ramosum_ott166508","yes","Liliopsida","Anthericum ramosum"
"55","Antirrhinum_lopesianum","Antirrhinum lopesianum","Antirrhinum_lopesianum_ott138587","yes","Magnoliopsida","Antirrhinum lopesianum"
"56","Antirrhinum_subbaeticum","Antirrhinum subbaeticum","Antirrhinum_subbaeticum_ott427144","yes","Magnoliopsida","Antirrhinum subbaeticum"
"57","Arenaria_grandiflora","Arenaria grandiflora subsp. bolosii","Arenaria_grandiflora_subsp._grandiflora_ott402797","yes","Magnoliopsida","Arenaria grandiflora subsp. bolosii"
"58","Armeria_maritima","Armeria maritima","Armeria_maritima_subsp._andina_ott664869","yes","Magnoliopsida","Armeria maritima"
"59","Armeria_merinoi","Armeria merinoi","Armeria_merinoi_ott664871","yes","Magnoliopsida","Armeria merinoi"
"60","Arnica_angustifolia","Arnica angustifolia","Arnica_angustifolia_subsp._tomentosa_ott600261","yes","Magnoliopsida","Arnica angustifolia"
"61","Artemisia_genipi","Artemisia genipi","Artemisia_genipi_ott607385","yes","Magnoliopsida","Artemisia genipi"
"62","Asarum_canadense","Asarum canadense","Asarum_canadense_ott729868","yes","Magnoliopsida","Asarum canadense"
"63","Asclepias_meadii","Asclepias meadii","Asclepias_meadii_ott1073530","yes","Magnoliopsida","Asclepias meadii"
"64","Astragalus_alopecurus","Astragalus alopecurus","Astragalus_alopecurus_ott3924847","yes","Magnoliopsida","Astragalus alopecurus"
"65","Astragalus_tremolsianus","Astragalus tremolsianus","Astragalus_tremolsianus_ott3925329","yes","Magnoliopsida","Astragalus tremolsianus"
"66","Astragalus_tyghensis","Astragalus tyghensis","Astragalus_tyghensis_ott3924188","yes","Magnoliopsida","Astragalus tyghensis"
"67","Braya_fernaldii","Braya fernaldii","Braya_fernaldii_ott1036739","yes","Magnoliopsida","Braya fernaldii"
"68","Braya_longii","Braya longii","Braya_longii_ott923216","yes","Magnoliopsida","Braya longii"
"69","Calathea_ovandensis","Calathea ovandensis","Calathea_ovandensis","no","Liliopsida","Calathea ovandensis"
"70","Calochortus_albus","Calochortus albus","Calochortus_albus_var._rubellus_ott533307","yes","Liliopsida","Calochortus albus"
"71","Calochortus_lyallii","Calochortus lyallii","Calochortus_lyallii_ott63553","yes","Liliopsida","Calochortus lyallii"
"72","Calochortus_macrocarpus","Calochortus macrocarpus","Calochortus_macrocarpus_ott30127","yes","Liliopsida","Calochortus macrocarpus"
"73","Calochortus_pulchellus","Calochortus pulchellus","Calochortus_pulchellus_ott584597","yes","Liliopsida","Calochortus pulchellus"
"74","Calochortus_tiburonensis","Calochortus tiburonensis","Calochortus_tiburonensis_ott584609","yes","Liliopsida","Calochortus tiburonensis"
"75","Carlina_vulgaris","Carlina vulgaris","Carlina_vulgaris_subsp._spinosa_ott971511","yes","Magnoliopsida","Carlina vulgaris"
"76","Carum_carvi","Carum carvi","Carum_carvi_ott498463","yes","Magnoliopsida","Carum carvi"
"77","Centaurea_horrida","Centaurea horrida","Centaurea_horrida_ott5232410","yes","Magnoliopsida","Centaurea horrida"
"78","Chaerophyllum_aureum","Chaerophyllum aureum","Chaerophyllum_aureum_ott14165","yes","Magnoliopsida","Chaerophyllum aureum"
"79","Actaea_cordifolia","Actaea cordifolia","Actaea_cordifolia_ott512697","yes","Magnoliopsida","Actaea cordifolia"
"80","Cirsium_acaule","Cirsium acaule","Cirsium_acaule_ott27249","yes","Magnoliopsida","Cirsium acaule"
"81","Cirsium_pannonicum","Cirsium pannonicum","Cirsium_pannonicum_ott3894641","yes","Magnoliopsida","Cirsium pannonicum"
"82","Cirsium_perplexans","Cirsium perplexans","Cirsium_perplexans_ott3894734","yes","Magnoliopsida","Cirsium perplexans"
"83","Cirsium_pitcheri","Cirsium pitcheri","Cirsium_pitcheri_ott81168","yes","Magnoliopsida","Cirsium pitcheri"
"84","Cirsium_scariosum","Cirsium scariosum","Cirsium_scariosum_var._congdonii_ott133374","yes","Magnoliopsida","Cirsium scariosum"
"85","Cirsium_tracyi","Cirsium tracyi","Cirsium_tracyi_ott3894726","yes","Magnoliopsida","Cirsium tracyi"
"86","Cochlearia_bavarica","Cochlearia bavarica","Cochlearia_bavarica_ott3932315","yes","Magnoliopsida","Cochlearia bavarica"
"87","Cochlearia_pyrenaica","Cochlearia pyrenaica","Cochlearia_pyrenaica_ott452940","yes","Magnoliopsida","Cochlearia pyrenaica"
"88","Colchicum_autumnale","Colchicum autumnale","Colchicum_autumnale_ott295700","yes","Liliopsida","Colchicum autumnale"
"89","Corallorhiza_trifida","Corallorhiza trifida","Corallorhiza_trifida_ott826234","yes","Liliopsida","Corallorhiza trifida"
"90","Cryptantha_flava","Cryptantha flava","Cryptantha_flava","no","Magnoliopsida","Cryptantha flava"
"91","Cynoglossum_virginianum","Cynoglossum virginianum","Cynoglossum_virginianum","no","Magnoliopsida","Cynoglossum virginianum"
"92","Cypripedium_calceolus","Cypripedium calceolus","Cypripedium_calceolus_ott108908","yes","Liliopsida","Cypripedium calceolus"
"93","Cypripedium_fasciculatum","Cypripedium fasciculatum","Cypripedium_fasciculatum_ott836707","yes","Liliopsida","Cypripedium fasciculatum"
"94","Dactylorhiza_lapponica","Dactylorhiza lapponica","Dactylorhiza_lapponica_ott3971477","yes","Liliopsida","Dactylorhiza lapponica"
"95","Danthonia_sericea","Danthonia sericea","Danthonia_sericea_ott779740","yes","Liliopsida","Danthonia sericea"
"96","Dicentra_canadensis","Dicentra canadensis","Dicentra_canadensis_ott867182","yes","Magnoliopsida","Dicentra canadensis"
"97","Dicerandra_frutescens","Dicerandra frutescens","Dicerandra_frutescens_subsp._frutescens_ott269398","yes","Magnoliopsida","Dicerandra frutescens"
"98","Dipsacus_fullonum","Dipsacus fullonum","Dipsacus_fullonum_ott994148","yes","Magnoliopsida","Dipsacus fullonum"
"99","Dorycnium_spectabile","Dorycnium spectabile","Dorycnium_spectabile_ott7632894","yes","Magnoliopsida","Dorycnium spectabile"
"100","Draba_asterophora","Draba asterophora","Draba_asterophora_ott3931195","yes","Magnoliopsida","Draba asterophora"
"101","Dracocephalum_austriacum","Dracocephalum austriacum","Dracocephalum_austriacum_ott6082218","yes","Magnoliopsida","Dracocephalum austriacum"
"102","Echinacea_angustifolia","Echinacea angustifolia","Echinacea_angustifolia_var._angustifolia_ott362861","yes","Magnoliopsida","Echinacea angustifolia"
"103","Echinospartum_ibericum","Echinospartum ibericum subsp. algibicum","Echinospartum_ibericum_ott395728","yes","Magnoliopsida","Echinospartum ibericum subsp. algibicum"
"104","Echium_vulgare","Echium vulgare","Echium_vulgare_subsp._vulgare_ott490172","yes","Magnoliopsida","Echium vulgare"
"105","Epipactis_atrorubens","Epipactis atrorubens","Epipactis_atrorubens_ott830793","yes","Liliopsida","Epipactis atrorubens"
"106","Eriogonum_longifolium","Eriogonum longifolium","Eriogonum_longifolium_var._longifolium_ott7049744","yes","Magnoliopsida","Eriogonum longifolium"
"107","Erodium_paularense","Erodium paularense","Erodium_paularense_ott811805","yes","Magnoliopsida","Erodium paularense"
"108","Eryngium_alpinum","Eryngium alpinum","Eryngium_alpinum_ott420985","yes","Magnoliopsida","Eryngium alpinum"
"109","Eryngium_cuneifolium","Eryngium cuneifolium","Eryngium_cuneifolium_ott3891958","yes","Magnoliopsida","Eryngium cuneifolium"
"110","Eupatorium_perfoliatum","Eupatorium perfoliatum","Eupatorium_perfoliatum_ott1032099","yes","Magnoliopsida","Eupatorium perfoliatum"
"111","Fritillaria_meleagris","Fritillaria meleagris","Fritillaria_meleagris_subsp._meleagris_ott5727107","yes","Liliopsida","Fritillaria meleagris"
"112","Geum_rivale","Geum rivale","Geum_rivale_ott829919","yes","Magnoliopsida","Geum rivale"
"113","Pyrrocoma_radiata","Pyrrocoma radiata","Pyrrocoma_radiata_ott3898737","yes","Magnoliopsida","Pyrrocoma radiata"
"114","Helianthemum_teneriffae","Helianthemum teneriffae","Helianthemum_teneriffae_ott6114692","yes","Magnoliopsida","Helianthemum teneriffae"
"115","Heliconia_acuminata","Heliconia acuminata","Heliconia_acuminata_ott140013","yes","Liliopsida","Heliconia acuminata"
"116","Heliconia_metallica","Heliconia metallica","Heliconia_metallica_ott730120","yes","Liliopsida","Heliconia metallica"
"117","Hilaria_mutica","Hilaria mutica","Hilaria_mutica_ott3954598","yes","Liliopsida","Hilaria mutica"
"118","Horkelia_congesta","Horkelia congesta","Horkelia_congesta","no","Magnoliopsida","Horkelia congesta"
"119","Hydrastis_canadensis","Hydrastis canadensis","Hydrastis_canadensis_ott1072050","yes","Magnoliopsida","Hydrastis canadensis"
"120","Tetraneuris_herbacea","Tetraneuris herbacea","Tetraneuris_herbacea_ott3900033","yes","Magnoliopsida","Tetraneuris herbacea"
"121","Hyparrhenia_diplandra","Hyparrhenia diplandra","Hyparrhenia_diplandra_ott102772","yes","Liliopsida","Hyparrhenia diplandra"
"122","Hypericum_cumulicola","Hypericum cumulicola","Hypericum_cumulicola_ott961530","yes","Magnoliopsida","Hypericum cumulicola"
"123","Ipomoea_leptophylla","Ipomoea leptophylla","Ipomoea_leptophylla_ott935720","yes","Magnoliopsida","Ipomoea leptophylla"
"124","Iris_hexagona","Iris hexagona","Iris_hexagona_ott975482","yes","Magnoliopsida","Iris hexagona"
"125","Jurinea_fontqueri","Jurinea fontqueri","Jurinea_fontqueri_ott3894788","yes","Magnoliopsida","Jurinea fontqueri"
"126","Koeleria_macrantha","Koeleria macrantha","Koeleria_macrantha_ott624555","yes","Liliopsida","Koeleria macrantha"
"127","Kosteletzkya_pentacarpos","Kosteletzkya pentacarpos","Kosteletzkya_pentacarpos_ott504131","yes","Magnoliopsida","Kosteletzkya pentacarpos"
"128","Kunkeliella_subsucculenta","Kunkeliella subsucculenta","Kunkeliella_subsucculenta","no","Magnoliopsida","Kunkeliella subsucculenta"
"129","Laserpitium_longiradium","Laserpitium longiradium","Laserpitium_longiradium_ott3887979","yes","Magnoliopsida","Laserpitium longiradium"
"130","Lepanthes_rupestris","Lepanthes rupestris","Lepanthes_rupestris_ott3984212","yes","Liliopsida","Lepanthes rupestris"
"131","Lepidium_davisii","Lepidium davisii","Lepidium_davisii_ott517281","yes","Magnoliopsida","Lepidium davisii"
"132","Liatris_scariosa","Liatris scariosa","Liatris_scariosa_ott1082122","yes","Magnoliopsida","Liatris scariosa"
"133","Limonium_carolinianum","Limonium carolinianum","Limonium_carolinianum_ott3943437","yes","Magnoliopsida","Limonium carolinianum"
"134","Limonium_delicatulum","Limonium delicatulum","Limonium_delicatulum_ott946039","yes","Magnoliopsida","Limonium delicatulum"
"135","Limonium_erectum","Limonium erectum","Limonium_erectum_ott6038998","yes","Magnoliopsida","Limonium erectum"
"136","Limonium_geronense","Limonium geronense","Limonium_geronense_ott6039020","yes","Magnoliopsida","Limonium geronense"
"137","Limonium_malacitanum","Limonium malacitanum","Limonium_malacitanum_ott6039106","yes","Magnoliopsida","Limonium malacitanum"
"138","Linum_flavum","Linum flavum","Linum_flavum_ott536337","yes","Magnoliopsida","Linum flavum"
"139","Linum_tenuifolium","Linum tenuifolium","Linum_tenuifolium_ott393358","yes","Magnoliopsida","Linum tenuifolium"
"140","Lithospermum_ruderale","Lithospermum ruderale","Lithospermum_ruderale_ott379006","yes","Magnoliopsida","Lithospermum ruderale"
"141","Lomatium_bradshawii","Lomatium bradshawii","Lomatium_bradshawii_ott428310","yes","Magnoliopsida","Lomatium bradshawii"
"142","Lomatium_cookii","Lomatium cookii","Lomatium_cookii_ott3891132","yes","Magnoliopsida","Lomatium cookii"
"143","Lotus_arinagensis","Lotus arinagensis","Lotus_arinagensis_ott152565","yes","Magnoliopsida","Lotus arinagensis"
"144","Lupinus_lepidus","Lupinus lepidus","Lupinus_lepidus_var._lepidus_ott8519","yes","Magnoliopsida","Lupinus lepidus"
"145","Mimulus_cardinalis","Mimulus cardinalis","Mimulus_cardinalis","no","Magnoliopsida","Mimulus cardinalis"
"146","Mimulus_guttatus","Mimulus guttatus","Mimulus_guttatus","no","Magnoliopsida","Mimulus guttatus"
"147","Mimulus_lewisii","Mimulus lewisii","Mimulus_lewisii","no","Magnoliopsida","Mimulus lewisii"
"148","Molinia_caerulea","Molinia caerulea","Molinia_caerulea_subsp._arundinacea_ott598397","yes","Liliopsida","Molinia caerulea"
"149","Narcissus_pseudonarcissus","Narcissus pseudonarcissus","Narcissus_pseudonarcissus_subsp._nevadensis_ott943682","yes","Liliopsida","Narcissus pseudonarcissus"
"150","Nardostachys_jatamansi","Nardostachys jatamansi","Nardostachys_jatamansi_ott24101","yes","Magnoliopsida","Nardostachys jatamansi"
"151","Neotinea_ustulata","Neotinea ustulata","Neotinea_ustulata_var._aestivalis_ott528466","yes","Liliopsida","Neotinea ustulata"
"152","Oenothera_deltoides","Oenothera deltoides","Oenothera_deltoides_subsp._cognata_ott121684","yes","Magnoliopsida","Oenothera deltoides"
"153","Orchis_purpurea","Orchis purpurea","Orchis_purpurea_ott468397","yes","Liliopsida","Orchis purpurea"
"154","Oxalis_acetosella","Oxalis acetosella","Oxalis_acetosella_var._longicapsula_ott5763051","yes","Magnoliopsida","Oxalis acetosella"
"155","Oxytropis_jabalambrensis","Oxytropis jabalambrensis","Oxytropis_jabalambrensis_ott3925639","yes","Magnoliopsida","Oxytropis jabalambrensis"
"156","Parolinia_glabriuscula","Parolinia glabriuscula","Parolinia_glabriuscula_ott5762865","yes","Magnoliopsida","Parolinia glabriuscula"
"157","Pedicularis_furbishiae","Pedicularis furbishiae","Pedicularis_furbishiae_ott3882302","yes","Magnoliopsida","Pedicularis furbishiae"
"158","Periandra_mediterranea","Periandra mediterranea","Periandra_mediterranea_ott3929871","yes","Magnoliopsida","Periandra mediterranea"
"159","Phaseolus_lunatus","Phaseolus lunatus","Phaseolus_lunatus_ott989229","yes","Magnoliopsida","Phaseolus lunatus"
"160","Pimpinella_saxifraga","Pimpinella saxifraga","Pimpinella_saxifraga_ott1005124","yes","Magnoliopsida","Pimpinella saxifraga"
"161","Pinguicula_alpina","Pinguicula alpina","Pinguicula_alpina_ott583043","yes","Magnoliopsida","Pinguicula alpina"
"162","Pinguicula_ionantha","Pinguicula ionantha","Pinguicula_ionantha_ott827939","yes","Magnoliopsida","Pinguicula ionantha"
"163","Pinguicula_villosa","Pinguicula villosa","Pinguicula_villosa_ott500921","yes","Magnoliopsida","Pinguicula villosa"
"164","Pinguicula_vulgaris","Pinguicula vulgaris","Pinguicula_vulgaris_subsp._bicolor_ott5921644","yes","Magnoliopsida","Pinguicula vulgaris"
"165","Pityopsis_aspera_var._aspera","Pityopsis aspera var. aspera","Pityopsis_aspera_var._aspera_ott5920642","yes","Magnoliopsida","Pityopsis aspera var. aspera"
"166","Plantago_coronopus","Plantago coronopus","Plantago_coronopus_ott989049","yes","Magnoliopsida","Plantago coronopus"
"167","Plantago_media","Plantago media","Plantago_media_ott989039","yes","Magnoliopsida","Plantago media"
"168","Poa_alpina","Poa alpina","Poa_alpina_var._alpina_ott50051","yes","Liliopsida","Poa alpina"
"169","Potentilla_anserina","Potentilla anserina","Potentilla_anserina_ott328270","yes","Magnoliopsida","Potentilla anserina"
"170","Primula_elatior","Primula elatior","Primula_elatior_subsp._pallasii_ott119337","yes","Magnoliopsida","Primula elatior"
"171","Primula_veris","Primula veris","Primula_veris_subsp._macrocalyx_ott119333","yes","Magnoliopsida","Primula veris"
"172","Primula_vulgaris","Primula vulgaris","Primula_vulgaris_subsp._vulgaris_ott245183","yes","Magnoliopsida","Primula vulgaris"
"173","Pseudomisopates_rivas-martinezii","Pseudomisopates rivas-martinezii","Pseudomisopates_rivas-martinezii","no","Magnoliopsida","Pseudomisopates rivas-martinezii"
"174","Pyxidanthera_brevifolia","Pyxidanthera brevifolia","Pyxidanthera_brevifolia_ott3902021","yes","Magnoliopsida","Pyxidanthera brevifolia"
"175","Ramonda_myconi","Ramonda myconi","Ramonda_myconi_ott912748","yes","Magnoliopsida","Ramonda myconi"
"176","Ranunculus_bulbosus","Ranunculus bulbosus","Ranunculus_bulbosus_subsp._bulbosus_ott118772","yes","Magnoliopsida","Ranunculus bulbosus"
"177","Ranunculus_peltatus","Ranunculus peltatus","Ranunculus_peltatus_subsp._peltatus_ott816423","yes","Magnoliopsida","Ranunculus peltatus"
"178","Ranunculus_repens","Ranunculus repens","Ranunculus_repens_ott310805","yes","Magnoliopsida","Ranunculus repens"
"179","Rubus_praecox","Rubus praecox","Rubus_praecox","no","Magnoliopsida","Rubus praecox"
"180","Rubus_ursinus","Rubus ursinus","Rubus_ursinus_ott321269","yes","Magnoliopsida","Rubus ursinus"
"181","Rumex_rupestris","Rumex rupestris","Rumex_rupestris_ott566807","yes","Magnoliopsida","Rumex rupestris"
"182","Sanicula_europaea","Sanicula europaea","Sanicula_europaea_ott18145","yes","Magnoliopsida","Sanicula europaea"
"183","Santolina_melidensis","Santolina melidensis","Santolina_melidensis_ott652082","yes","Magnoliopsida","Santolina melidensis"
"184","Saponaria_bellidifolia","Saponaria bellidifolia","Saponaria_bellidifolia_ott6036517","yes","Magnoliopsida","Saponaria bellidifolia"
"185","Sarcocapnos_baetica","Sarcocapnos baetica","Sarcocapnos_baetica_subsp._ardalii_ott262597","yes","Magnoliopsida","Sarcocapnos baetica"
"186","Sarcocapnos_enneaphylla","Sarcocapnos enneaphylla","Sarcocapnos_enneaphylla_ott188912","yes","Magnoliopsida","Sarcocapnos enneaphylla"
"187","Sarcocapnos_pulcherrima","Sarcocapnos pulcherrima","Sarcocapnos_pulcherrima_ott262596","yes","Magnoliopsida","Sarcocapnos pulcherrima"
"188","Sarracenia_alata","Sarracenia alata","Sarracenia_alata_ott570358","yes","Magnoliopsida","Sarracenia alata"
"189","Sarracenia_purpurea","Sarracenia purpurea","Sarracenia_purpurea_var._burkii_ott169462","yes","Magnoliopsida","Sarracenia purpurea"
"190","Saussurea_medusa","Saussurea medusa","Saussurea_medusa_ott474462","yes","Magnoliopsida","Saussurea medusa"
"191","Scorzonera_hispanica","Scorzonera hispanica","Scorzonera_hispanica_subsp._crispatula_ott878278","yes","Magnoliopsida","Scorzonera hispanica"
"192","Silene_douglasii_var._oraria","Silene douglasii var. oraria","Silene_douglasii_var._oraria_ott679605","yes","Magnoliopsida","Silene douglasii var. oraria"
"193","Silene_regia","Silene regia","Silene_regia_ott813361","yes","Magnoliopsida","Silene regia"
"194","Sonchus_pustulatus","Sonchus pustulatus","Sonchus_pustulatus_ott572920","yes","Magnoliopsida","Sonchus pustulatus"
"195","Sporobolus_heterolepis","Sporobolus heterolepis","Sporobolus_heterolepis_ott819815","yes","Liliopsida","Sporobolus heterolepis"
"196","Succisa_pratensis","Succisa pratensis","Succisa_pratensis_ott228781","yes","Magnoliopsida","Succisa pratensis"
"197","Swallenia_alexandrae","Swallenia alexandrae","Swallenia_alexandrae_ott522793","yes","Liliopsida","Swallenia alexandrae"
"198","Taraxacum_officinale","Taraxacum officinale","Taraxacum_officinale_ott451182","yes",NA,"Taraxacum campylodes"
"199","Thymus_vulgaris","Thymus vulgaris","Thymus_vulgaris_ott907458","yes","Magnoliopsida","Thymus vulgaris"
"200","Trillium_ovatum","Trillium ovatum","Trillium_ovatum_var._hibbersonii_ott5919333","yes","Liliopsida","Trillium ovatum"
"201","Trollius_europaeus","Trollius europaeus","Trollius_europaeus_ott805006","yes","Magnoliopsida","Trollius europaeus"
"202","Trollius_laxus","Trollius laxus","Trollius_laxus_ott693537","yes","Magnoliopsida","Trollius laxus"
"203","Verbascum_fontqueri","Verbascum fontqueri","Verbascum_fontqueri_ott6074848","yes","Magnoliopsida","Verbascum fontqueri"
"204","Viola_elatior","Viola elatior","Viola_elatior_ott1089593","yes","Magnoliopsida","Viola elatior"
"205","Viola_sagittata_var._ovata","Viola sagittata var. ovata","Viola_sagittata_var._ovata_ott5519989","yes","Magnoliopsida","Viola sagittata var. ovata"
"206","Viola_pumila","Viola pumila","Viola_pumila_ott162685","yes","Magnoliopsida","Viola pumila"
"207","Viola_persicifolia","Viola persicifolia","Viola_persicifolia","no","Magnoliopsida","Viola persicifolia"
"208","Zea_diploperennis","Zea diploperennis","Zea_diploperennis_ott605189","yes","Liliopsida","Zea diploperennis"
"209","Alyxia_stellata","Alyxia stellata","Alyxia_stellata_ott3870748","yes","Magnoliopsida","Alyxia stellata"
"210","Astrocaryum_mexicanum","Astrocaryum mexicanum","Astrocaryum_mexicanum_ott731877","yes","Liliopsida","Astrocaryum mexicanum"
"211","Attalea_humilis","Attalea humilis","Attalea_humilis_ott475980","yes","Liliopsida","Attalea humilis"
"212","Borassus_aethiopum","Borassus aethiopum","Borassus_aethiopum_ott186408","yes","Liliopsida","Borassus aethiopum"
"213","Calamus_nambariensis","Calamus nambariensis","Calamus_nambariensis_var._xishuangbannaensis_ott173203","yes","Liliopsida","Calamus nambariensis"
"214","Calamus_rhabdocladus","Calamus rhabdocladus","Calamus_rhabdocladus_ott241430","yes","Liliopsida","Calamus rhabdocladus"
"215","Ceratozamia_mirandae","Ceratozamia mirandae","Ceratozamia_mirandae_ott179200","yes","Cycadopsida","Ceratozamia mirandae"
"216","Ceratozamia_norstogii","Ceratozamia norstogii","Ceratozamia_norstogii_ott48798","yes","Cycadopsida","Ceratozamia norstogii"
"217","Chamaedorea_elegans","Chamaedorea elegans","Chamaedorea_elegans_ott911747","yes","Liliopsida","Chamaedorea elegans"
"218","Chamaedorea_radicalis","Chamaedorea radicalis","Chamaedorea_radicalis_ott913947","yes","Liliopsida","Chamaedorea radicalis"
"219","Coccothrinax_readii","Coccothrinax readii","Coccothrinax_readii_ott3947858","yes","Liliopsida","Coccothrinax readii"
"220","Daemonorops_poilanei","Daemonorops poilanei","Daemonorops_poilanei","no","Liliopsida","Daemonorops poilanei"
"221","Dioon_merolae","Dioon merolae","Dioon_merolae_ott958471","yes","Cycadopsida","Dioon merolae"
"222","Eremospatha_macrocarpa","Eremospatha macrocarpa","Eremospatha_macrocarpa_ott458102","yes","Liliopsida","Eremospatha macrocarpa"
"223","Euterpe_edulis","Euterpe edulis","Euterpe_edulis_ott282422","yes","Liliopsida","Euterpe edulis"
"224","Euterpe_oleracea","Euterpe oleracea","Euterpe_oleracea_ott458106","yes","Liliopsida","Euterpe oleracea"
"225","Euterpe_precatoria","Euterpe precatoria","Euterpe_precatoria_var._longevaginata_ott7047133","yes","Liliopsida","Euterpe precatoria"
"226","Geonoma_pohliana","Geonoma pohliana subsp. weddelliana","Geonoma_pohliana_subsp._weddelliana_ott228882","yes","Liliopsida","Geonoma pohliana subsp. weddelliana"
"227","Geonoma_orbignyana","Geonoma orbignyana","Geonoma_orbignyana_subsp._hoffmanniana_ott228893","yes","Liliopsida","Geonoma orbignyana"
"228","Iriartea_deltoidea","Iriartea deltoidea","Iriartea_deltoidea_ott45711","yes","Magnoliopsida","Iriartea deltoidea"
"229","Laccosperma_secundiflorum","Laccosperma secundiflorum","Laccosperma_secundiflorum_ott3948765","yes","Liliopsida","Laccosperma secundiflorum"
"230","Mauritia_flexuosa","Mauritia flexuosa","Mauritia_flexuosa_ott811306","yes","Liliopsida","Mauritia flexuosa"
"231","Phytelephas_seemannii","Phytelephas seemannii","Phytelephas_seemannii_ott39107","yes","Liliopsida","Phytelephas seemannii"
"232","Podococcus_barteri","Podococcus barteri","Podococcus_barteri_ott45705","yes","Liliopsida","Podococcus barteri"
"233","Pseudophoenix_sargentii","Pseudophoenix sargentii","Pseudophoenix_sargentii_var._navassana_ott577298","yes","Liliopsida","Pseudophoenix sargentii"
"234","Ptychosperma_macarthurii","Ptychosperma macarthurii","Ptychosperma_macarthurii_ott391843","yes","Liliopsida","Ptychosperma macarthurii"
"235","Sabal_yapa","Sabal yapa","Sabal_yapa_ott180750","yes","Liliopsida","Sabal yapa"
"236","Thrinax_radiata","Thrinax radiata","Thrinax_radiata_ott236962","yes","Liliopsida","Thrinax radiata"
"237","Acacia_suaveolens","Acacia suaveolens","Acacia_suaveolens_ott554917","yes","Magnoliopsida","Acacia suaveolens"
"238","Ambrosia_dumosa","Ambrosia dumosa","Ambrosia_dumosa_ott3899827","yes","Magnoliopsida","Ambrosia dumosa"
"239","Ardisia_elliptica","Ardisia elliptica","Ardisia_elliptica_ott763105","yes","Magnoliopsida","Ardisia elliptica"
"240","Ardisia_escallonioides","Ardisia escallonioides","Ardisia_escallonioides_ott3900247","yes","Magnoliopsida","Ardisia escallonioides"
"241","Atriplex_acanthocarpa","Atriplex acanthocarpa","Atriplex_acanthocarpa_ott523531","yes","Magnoliopsida","Atriplex acanthocarpa"
"242","Atriplex_canescens","Atriplex canescens","Atriplex_canescens_ott352856","yes","Magnoliopsida","Atriplex canescens"
"243","Clidemia_hirta","Clidemia hirta","Clidemia_hirta_ott131814","yes","Magnoliopsida","Clidemia hirta"
"244","Cornus_florida","Cornus florida","Cornus_florida_var._urbiniana_ott725785","yes","Magnoliopsida","Cornus florida"
"245","Cytisus_scoparius","Cytisus scoparius","Cytisus_scoparius_subsp._reverchonii_ott392480","yes","Magnoliopsida","Cytisus scoparius"
"246","Gardenia_actinocarpa","Gardenia actinocarpa","Gardenia_actinocarpa_ott3877793","yes","Magnoliopsida","Gardenia actinocarpa"
"247","Helianthemum_juliae","Helianthemum juliae","Helianthemum_juliae_ott6114636","yes","Magnoliopsida","Helianthemum juliae"
"248","Lindera_benzoin","Lindera benzoin","Lindera_benzoin_ott498693","yes","Magnoliopsida","Lindera benzoin"
"249","Lindera_umbellata","Lindera umbellata","Lindera_umbellata_ott545887","yes","Magnoliopsida","Lindera umbellata"
"250","Lupinus_arboreus","Lupinus arboreus","Lupinus_arboreus_ott1086808","yes","Magnoliopsida","Lupinus arboreus"
"251","Magnolia_salicifolia","Magnolia salicifolia","Magnolia_salicifolia_ott863074","yes","Magnoliopsida","Magnolia salicifolia"
"252","Paliurus_ramosissimus","Paliurus ramosissimus","Paliurus_ramosissimus_ott371173","yes","Magnoliopsida","Paliurus ramosissimus"
"253","Persoonia_bargoensis","Persoonia bargoensis","Persoonia_bargoensis_ott6128938","yes","Magnoliopsida","Persoonia bargoensis"
"254","Persoonia_glaucescens","Persoonia glaucescens","Persoonia_glaucescens_ott6128963","yes","Magnoliopsida","Persoonia glaucescens"
"255","Rhus_copallinum","Rhus copallinum","Rhus_copallinum_ott731538","yes","Magnoliopsida","Rhus copallinum"
"256","Rosmarinus_tomentosus","Rosmarinus tomentosus","Rosmarinus_tomentosus","no","Magnoliopsida","Rosmarinus tomentosus"
"257","Rytigynia_kigeziensis","Rytigynia kigeziensis","Rytigynia_kigeziensis_ott3879492","yes","Magnoliopsida","Rytigynia kigeziensis"
"258","Sambucus_sieboldiana","Sambucus sieboldiana","Sambucus_sieboldiana","no","Magnoliopsida","Sambucus sieboldiana"
"259","Ulex_minor","Ulex minor","Ulex_minor_ott664542","yes","Magnoliopsida","Ulex minor"
"260","Viburnum_furcatum","Viburnum furcatum","Viburnum_furcatum_ott572541","yes","Magnoliopsida","Viburnum furcatum"
"261","Ariocarpus_fissuratus","Ariocarpus fissuratus","Ariocarpus_fissuratus_subsp._fissuratus_ott492484","yes","Magnoliopsida","Ariocarpus fissuratus"
"262","Ariocarpus_scaphirostris","Ariocarpus scaphirostris","Ariocarpus_scaphirostris_ott106719","yes","Magnoliopsida","Ariocarpus scaphirostris"
"263","Astrophytum_asterias","Astrophytum asterias","Astrophytum_asterias_ott384274","yes","Magnoliopsida","Astrophytum asterias"
"264","Astrophytum_capricorne","Astrophytum capricorne","Astrophytum_capricorne_ott220907","yes","Magnoliopsida","Astrophytum capricorne"
"265","Astrophytum_myriostigma","Astrophytum myriostigma","Astrophytum_myriostigma_ott220902","yes","Magnoliopsida","Astrophytum myriostigma"
"266","Astrophytum_ornatum","Astrophytum ornatum","Astrophytum_ornatum_ott784781","yes","Magnoliopsida","Astrophytum ornatum"
"267","Escobaria_robbinsorum","Escobaria robbinsorum","Escobaria_robbinsorum_ott3943557","yes","Magnoliopsida","Escobaria robbinsorum"
"268","Coryphantha_werdermannii","Coryphantha werdermannii","Coryphantha_werdermannii_ott782951","yes","Magnoliopsida","Coryphantha werdermannii"
"269","Echeveria_longissima","Echeveria longissima","Echeveria_longissima_var._aztatlensis_ott7049919","yes","Magnoliopsida","Echeveria longissima"
"270","Echinocactus_platyacanthus","Echinocactus platyacanthus","Echinocactus_platyacanthus_ott493241","yes","Magnoliopsida","Echinocactus platyacanthus"
"271","Escontria_chiotilla","Escontria chiotilla","Escontria_chiotilla_ott295076","yes","Magnoliopsida","Escontria chiotilla"
"272","Euphorbia_fontqueriana","Euphorbia fontqueriana","Euphorbia_fontqueriana_ott70724","yes","Magnoliopsida","Euphorbia fontqueriana"
"273","Harrisia_fragrans","Harrisia fragrans","Harrisia_fragrans_ott774627","yes","Magnoliopsida","Harrisia fragrans"
"274","Lophophora_diffusa","Lophophora diffusa","Lophophora_diffusa_subsp._fricii_ott5784958","yes","Magnoliopsida","Lophophora diffusa"
"275","Mammillaria_crucigera","Mammillaria crucigera","Mammillaria_crucigera_ott559362","yes","Magnoliopsida","Mammillaria crucigera"
"276","Mammillaria_dixanthocentron","Mammillaria dixanthocentron","Mammillaria_dixanthocentron_ott81137","yes","Magnoliopsida","Mammillaria dixanthocentron"
"277","Mammillaria_gaumeri","Mammillaria gaumeri","Mammillaria_gaumeri","no","Magnoliopsida","Mammillaria gaumeri"
"278","Mammillaria_huitzilopochtli","Mammillaria huitzilopochtli","Mammillaria_huitzilopochtli_ott602786","yes","Magnoliopsida","Mammillaria huitzilopochtli"
"279","Mammillaria_magnimamma","Mammillaria magnimamma","Mammillaria_magnimamma_ott303324","yes","Magnoliopsida","Mammillaria magnimamma"
"280","Mammillaria_mystax","Mammillaria mystax","Mammillaria_mystax_ott758464","yes","Magnoliopsida","Mammillaria mystax"
"281","Mammillaria_pectinifera","Mammillaria pectinifera","Mammillaria_pectinifera_ott1022630","yes","Magnoliopsida","Mammillaria pectinifera"
"282","Mammillaria_supertexta","Mammillaria supertexta","Mammillaria_supertexta_ott335753","yes","Magnoliopsida","Mammillaria supertexta"
"283","Neobuxbaumia_macrocephala","Neobuxbaumia macrocephala","Neobuxbaumia_macrocephala_ott853054","yes","Magnoliopsida","Neobuxbaumia macrocephala"
"284","Neobuxbaumia_mezcalaensis","Neobuxbaumia mezcalaensis","Neobuxbaumia_mezcalaensis_ott773137","yes","Magnoliopsida","Neobuxbaumia mezcalaensis"
"285","Neobuxbaumia_polylopha","Neobuxbaumia polylopha","Neobuxbaumia_polylopha_ott250205","yes","Magnoliopsida","Neobuxbaumia polylopha"
"286","Neobuxbaumia_tetetzo","Neobuxbaumia tetetzo","Neobuxbaumia_tetetzo_ott322820","yes","Magnoliopsida","Neobuxbaumia tetetzo"
"287","Opuntia_microdasys","Opuntia microdasys","Opuntia_microdasys_ott1074935","yes","Magnoliopsida","Opuntia microdasys"
"288","Pediocactus_bradyi","Pediocactus bradyi","Pediocactus_bradyi_ott3943519","yes","Magnoliopsida","Pediocactus bradyi"
"289","Pterocereus_gaumeri","Pterocereus gaumeri","Pterocereus_gaumeri_subsp._foetidus_ott247907","yes","Magnoliopsida","Pterocereus gaumeri"
"290","Stenocereus_eruca","Stenocereus eruca","Stenocereus_eruca_ott270413","yes","Magnoliopsida","Stenocereus eruca"
"291","Abies_magnifica","Abies magnifica","Abies_magnifica_var._shastensis_ott5455927","yes","Pinopsida","Abies magnifica"
"292","Abies_sachalinensis","Abies sachalinensis","Abies_sachalinensis_var._gracilis_ott978668","yes","Pinopsida","Abies sachalinensis"
"293","Acer_saccharum","Acer saccharum","Acer_saccharum_subsp._skutchii_ott283783","yes","Magnoliopsida","Acer saccharum"
"294","Actinostemon_concolor","Actinostemon concolor","Actinostemon_concolor_ott804723","yes","Magnoliopsida","Actinostemon concolor"
"295","Alnus_incana","Alnus incana subsp. rugosa","Alnus_incana_subsp._tenuifolia_ott66013","yes","Magnoliopsida","Alnus incana subsp. rugosa"
"296","Annamocarya_sinensis","Annamocarya sinensis","Annamocarya_sinensis_ott199045","yes",NA,"Carya sinensis"
"297","Aquilaria_malaccensis","Aquilaria malaccensis","Aquilaria_malaccensis_ott903419","yes","Magnoliopsida","Aquilaria malaccensis"
"298","Aquilaria_microcarpa","Aquilaria microcarpa","Aquilaria_microcarpa_ott711493","yes","Magnoliopsida","Aquilaria microcarpa"
"299","Boswellia_papyrifera","Boswellia papyrifera","Boswellia_papyrifera_ott3942308","yes","Magnoliopsida","Boswellia papyrifera"
"300","Brosimum_alicastrum","Brosimum alicastrum","Brosimum_alicastrum_ott923984","yes","Magnoliopsida","Brosimum alicastrum"
"301","Bursera_glabrifolia","Bursera glabrifolia","Bursera_glabrifolia_ott892149","yes","Liliopsida","Bursera glabrifolia"
"302","Callitris_columellaris","Callitris columellaris","Callitris_columellaris_ott615102","yes","Pinopsida","Callitris columellaris"
"303","Calocedrus_macrolepis","Calocedrus macrolepis","Calocedrus_macrolepis_ott216741","yes","Pinopsida","Calocedrus macrolepis"
"304","Castanea_dentata","Castanea dentata","Castanea_dentata_ott562865","yes","Magnoliopsida","Castanea dentata"
"305","Choerospondias_axillaris","Choerospondias axillaris","Choerospondias_axillaris_ott506732","yes","Magnoliopsida","Choerospondias axillaris"
"306","Dacrydium_elatum","Dacrydium elatum","Dacrydium_elatum_ott828861","yes","Pinopsida","Dacrydium elatum"
"307","Dicymbe_altsonii","Dicymbe altsonii","Dicymbe_altsonii_ott804308","yes","Magnoliopsida","Dicymbe altsonii"
"308","Duguetia_neglecta","Duguetia neglecta","Duguetia_neglecta_ott126768","yes","Magnoliopsida","Duguetia neglecta"
"309","Entandrophragma_cylindricum","Entandrophragma cylindricum","Entandrophragma_cylindricum_ott154306","yes","Magnoliopsida","Entandrophragma cylindricum"
"310","Garcinia_lucida","Garcinia lucida","Garcinia_lucida_ott154993","yes","Magnoliopsida","Garcinia lucida"
"311","Grias_peruviana","Grias peruviana","Grias_peruviana_ott807230","yes","Magnoliopsida","Grias peruviana"
"312","Khaya_senegalensis","Khaya senegalensis","Khaya_senegalensis_ott923412","yes","Magnoliopsida","Khaya senegalensis"
"313","Magnolia_macrophylla_var._dealbata","Magnolia macrophylla var. dealbata","Magnolia_macrophylla_var._dealbata_ott91677","yes","Magnoliopsida","Magnolia macrophylla var. dealbata"
"314","Magnolia_fordiana","Magnolia fordiana","Magnolia_fordiana_var._fordiana_ott413758","yes","Magnoliopsida","Magnolia fordiana"
"315","Manilkara_zapota","Manilkara zapota","Manilkara_zapota_ott208052","yes","Magnoliopsida","Manilkara zapota"
"316","Parashorea_chinensis","Parashorea chinensis","Parashorea_chinensis_var._kwangsiensis_ott982002","yes","Magnoliopsida","Parashorea chinensis"
"317","Parkinsonia_aculeata","Parkinsonia aculeata","Parkinsonia_aculeata_ott452957","yes","Magnoliopsida","Parkinsonia aculeata"
"318","Pentaclethra_macroloba","Pentaclethra macroloba","Pentaclethra_macroloba_ott796555","yes","Magnoliopsida","Pentaclethra macroloba"
"319","Phyllanthus_emblica","Phyllanthus emblica","Phyllanthus_emblica_ott399352","yes","Magnoliopsida","Phyllanthus emblica"
"320","Pinus_fenzeliana","Pinus fenzeliana","Pinus_fenzeliana_ott518554","yes","Pinopsida","Pinus fenzeliana"
"321","Pinus_lambertiana","Pinus lambertiana","Pinus_lambertiana_ott568626","yes","Pinopsida","Pinus lambertiana"
"322","Pinus_nigra","Pinus nigra","Pinus_nigra_var._nigra_ott8444","yes","Pinopsida","Pinus nigra"
"323","Platymiscium_filipes","Platymiscium filipes","Platymiscium_filipes_ott615373","yes","Magnoliopsida","Platymiscium filipes"
"324","Prunus_africana","Prunus africana","Prunus_africana_ott331944","yes","Magnoliopsida","Prunus africana"
"325","Psidium_guajava","Psidium guajava","Psidium_guajava_ott339092","yes","Magnoliopsida","Psidium guajava"
"326","Pterocarpus_angolensis","Pterocarpus angolensis","Pterocarpus_angolensis_ott507993","yes","Magnoliopsida","Pterocarpus angolensis"
"327","Quercus_rugosa","Quercus rugosa","Quercus_rugosa_ott106847","yes","Magnoliopsida","Quercus rugosa"
"328","Rhododendron_ponticum","Rhododendron ponticum","Rhododendron_ponticum_ott702552","yes","Magnoliopsida","Rhododendron ponticum"
"329","Sapium_sebiferum","Sapium sebiferum","Sapium_sebiferum","no","Magnoliopsida","Sapium sebiferum"
"330","Scaphium_macropodum","Scaphium macropodum","Scaphium_macropodum_ott269827","yes","Magnoliopsida","Scaphium macropodum"
"331","Sclerocarya_birrea","Sclerocarya birrea","Sclerocarya_birrea_subsp._caffra_ott981084","yes","Magnoliopsida","Sclerocarya birrea"
"332","Shorea_leprosula","Shorea leprosula","Shorea_leprosula_ott291602","yes","Magnoliopsida","Shorea leprosula"
"333","Stryphnodendron_microstachyum","Stryphnodendron microstachyum","Stryphnodendron_microstachyum_ott752550","yes","Magnoliopsida","Stryphnodendron microstachyum"
"334","Styrax_obassis","Styrax obassis","Styrax_obassis_ott521318","yes","Magnoliopsida","Styrax obassis"
"335","Syzygium_jambos","Syzygium jambos","Syzygium_jambos_ott731939","yes","Magnoliopsida","Syzygium jambos"
"336","Tachigali_vasquezii","Tachigali vasquezii","Tachigali_vasquezii_ott7055142","yes","Magnoliopsida","Tachigali vasquezii"
"337","Taxus_floridana","Taxus floridana","Taxus_floridana_ott1089675","yes","Pinopsida","Taxus floridana"
"338","Tetraberlinia_bifoliolata","Tetraberlinia bifoliolata","Tetraberlinia_bifoliolata_ott199505","yes","Magnoliopsida","Tetraberlinia bifoliolata"
"339","Tsuga_canadensis","Tsuga canadensis","Tsuga_canadensis_ott117276","yes","Pinopsida","Tsuga canadensis"
"340","Alouatta_seniculus","Alouatta seniculus","Alouatta_seniculus_macconnelli_ott512634","yes","Mammalia","Alouatta seniculus"
"341","Zalophus_californianus","Zalophus californianus","Zalophus_californianus_ott95364","yes","Mammalia","Zalophus californianus"
"342","Acipenser_fulvescens","Acipenser fulvescens","Acipenser_fulvescens_ott698270","yes","Actinopterygii","Acipenser fulvescens"
"343","Brachyrhaphis_rhabdophora","Brachyrhaphis rhabdophora","Brachyrhaphis_rhabdophora_ott154104","yes","Actinopterygii","Brachyrhaphis rhabdophora"
"344","Catostomus_catostomus","Catostomus catostomus","Catostomus_catostomus_rostratus_ott219991","yes","Actinopterygii","Catostomus catostomus"
"345","Clinocottus_analis","Clinocottus analis","Clinocottus_analis_ott1053619","yes","Actinopterygii","Clinocottus analis"
"346","Clinostomus_elongatus","Clinostomus elongatus","Clinostomus_elongatus_ott290055","yes","Actinopterygii","Clinostomus elongatus"
"347","Cottus_sp.","Cottus sp.","Cottus_spinulosus_ott3632095","yes","Actinopterygii","Cottus sp."
"348","Cyprinodon_diabolis","Cyprinodon diabolis","Cyprinodon_diabolis_ott33248","yes","Actinopterygii","Cyprinodon diabolis"
"349","Epinephelus_morio","Epinephelus morio","Epinephelus_morio_ott144514","yes","Actinopterygii","Epinephelus morio"
"350","Esox_lucius","Esox lucius","Esox_lucius_ott739941","yes","Actinopterygii","Esox lucius"
"351","Melanogrammus_aeglefinus","Melanogrammus aeglefinus","Melanogrammus_aeglefinus_ott635904","yes","Actinopterygii","Melanogrammus aeglefinus"
"352","Morone_saxatilis","Morone saxatilis","Morone_saxatilis_ott223669","yes","Actinopterygii","Morone saxatilis"
"353","Notropis_anogenus","Notropis anogenus","Notropis_anogenus_ott258125","yes","Actinopterygii","Notropis anogenus"
"354","Oncorhynchus_gilae","Oncorhynchus gilae","Oncorhynchus_gilae_gilae_ott45127","yes","Actinopterygii","Oncorhynchus gilae"
"355","Percina_copelandi","Percina copelandi","Percina_copelandi_ott340829","yes","Actinopterygii","Percina copelandi"
"356","Poecilia_reticulata","Poecilia reticulata","Poecilia_reticulata_ott312452","yes","Actinopterygii","Poecilia reticulata"
"357","Pterois_volitans","Pterois volitans","Pterois_volitans_ott1075153","yes","Actinopterygii","Pterois volitans"
"358","Pylodictis_olivaris","Pylodictis olivaris","Pylodictis_olivaris_ott139643","yes","Actinopterygii","Pylodictis olivaris"
"359","Salvelinus_confluentus","Salvelinus confluentus","Salvelinus_confluentus_ott688321","yes","Actinopterygii","Salvelinus confluentus"
"360","Zingel_asper","Zingel asper","Zingel_asper_ott519406","yes","Actinopterygii","Zingel asper"
"361","Assa_darlingtoni","Assa darlingtoni","Assa_darlingtoni_ott906693","yes","Amphibia","Assa darlingtoni"
"362","Anaxyrus_boreas","Anaxyrus boreas","Anaxyrus_boreas_boreas_ott205884","yes","Amphibia","Anaxyrus boreas"
"363","Geocrinia_alba","Geocrinia alba","Geocrinia_alba_ott3618671","yes","Amphibia","Geocrinia alba"
"364","Geocrinia_vitellina","Geocrinia vitellina","Geocrinia_vitellina_ott3618673","yes","Amphibia","Geocrinia vitellina"
"365","Rana_aurora","Rana aurora","Rana_aurora_aurora_ott597565","yes","Amphibia","Rana aurora"
"366","Rana_catesbeiana","Rana catesbeiana","Rana_catesbeiana_ott14688","yes","Amphibia","Rana catesbeiana"
"367","Rana_temporaria","Rana temporaria","Rana_temporaria_parvipalmata_ott380955","yes","Amphibia","Rana temporaria"
"368","Gorgonia_ventalina","Gorgonia ventalina","Gorgonia_ventalina_ott352699","yes","Anthozoa","Gorgonia ventalina"
"369","Paramuricea_clavata","Paramuricea clavata","Paramuricea_clavata_ott115764","yes","Anthozoa","Paramuricea clavata"
"370","Platynothrus_peltifer","Platynothrus peltifer","Platynothrus_peltifer_ott80780","yes",NA,"Platynathrus peltifer"
"371","Botrylloides_violaceus","Botrylloides violaceus","Botrylloides_violaceus_ott450521","yes","Ascidiacea","Botrylloides violaceus"
"372","Amazona_vittata","Amazona vittata","Amazona_vittata_ott256853","yes","Aves","Amazona vittata"
"373","Ammodramus_savannarum","Ammodramus savannarum","Ammodramus_savannarum_floridanus_ott603334","yes","Aves","Ammodramus savannarum"
"374","Ciconia_ciconia","Ciconia ciconia","Ciconia_ciconia_ciconia_ott4947424","yes","Aves","Ciconia ciconia"
"375","Falco_peregrinus","Falco peregrinus","Falco_peregrinus_macropus_ott47588","yes","Aves","Falco peregrinus"
"376","Haematopus_ostralegus","Haematopus ostralegus","Haematopus_ostralegus_ostralegus_ott601745","yes","Aves","Haematopus ostralegus"
"377","Hirundo_rustica","Hirundo rustica","Hirundo_rustica_transitiva_ott368059","yes","Aves","Hirundo rustica"
"378","Phoebastria_immutabilis","Phoebastria immutabilis","Phoebastria_immutabilis_ott320286","yes","Aves","Phoebastria immutabilis"
"379","Puffinus_tenuirostris","Puffinus tenuirostris","Puffinus_tenuirostris","no","Aves","Puffinus tenuirostris"
"380","Sterna_hirundo","Sterna hirundo","Sterna_hirundo_hirundo_ott5560401","yes","Aves","Sterna hirundo"
"381","Adamussium_colbecki","Adamussium colbecki","Adamussium_colbecki_ott735760","yes","Bivalvia","Adamussium colbecki"
"382","Arctica_islandica","Arctica islandica","Arctica_islandica_ott1023549","yes","Bivalvia","Arctica islandica"
"383","Gemma_gemma","Gemma gemma","Gemma_gemma_ott801954","yes","Bivalvia","Gemma gemma"
"384","Geukensia_demissa","Geukensia demissa","Geukensia_demissa_ott945732","yes","Bivalvia","Geukensia demissa"
"385","Lasaea_rubra","Lasaea rubra","Lasaea_rubra_ott885554","yes","Bivalvia","Lasaea rubra"
"386","Lissarca_miliaris","Lissarca miliaris","Lissarca_miliaris_ott253469","yes","Bivalvia","Lissarca miliaris"
"387","Lissarca_notorcadensis","Lissarca notorcadensis","Lissarca_notorcadensis_ott253470","yes","Bivalvia","Lissarca notorcadensis"
"388","Nuttallia_obscurata","Nuttallia obscurata","Nuttallia_obscurata_ott139252","yes","Bivalvia","Nuttallia obscurata"
"389","Panopea_generosa","Panopea generosa","Panopea_generosa_ott875210","yes","Bivalvia","Panopea generosa"
"390","Tridacna_gigas","Tridacna gigas","Tridacna_gigas_ott78499","yes","Bivalvia","Tridacna gigas"
"391","Yoldia_notabilis","Yoldia notabilis","Yoldia_notabilis_ott2851099","yes","Bivalvia","Yoldia notabilis"
"392","Entosphenus_macrostomus","Entosphenus macrostomus","Entosphenus_macrostomus_ott430422","yes","Cephalaspidomorphi","Entosphenus macrostomus"
"393","Lampetra_richardsoni","Lampetra richardsoni","Lampetra_richardsoni_ott430425","yes","Cephalaspidomorphi","Lampetra richardsoni"
"394","Eisenia_fetida","Eisenia fetida","Eisenia_fetida_fetida_ott7487356","yes","Clitellata","Eisenia fetida"
"395","Amphimedon_compressa","Amphimedon compressa","Amphimedon_compressa_ott981298","yes","Demospongiae","Amphimedon compressa"
"396","Spongia_graminea","Spongia graminea","Spongia_graminea","no","Demospongiae","Spongia graminea"
"397","Xestospongia_muta","Xestospongia muta","Xestospongia_muta_ott880230","yes","Demospongiae","Xestospongia muta"
"398","Haliotis_laevigata","Haliotis laevigata","Haliotis_laevigata_ott780536","yes","Gastropoda","Haliotis laevigata"
"399","Haliotis_rufescens","Haliotis rufescens","Haliotis_rufescens_ott820667","yes","Gastropoda","Haliotis rufescens"
"400","Haliotis_sorenseni","Haliotis sorenseni","Haliotis_sorenseni_ott228130","yes","Gastropoda","Haliotis sorenseni"
"401","Lepetodrilus_fucensis","Lepetodrilus fucensis","Lepetodrilus_fucensis_ott213194","yes","Gastropoda","Lepetodrilus fucensis"
"402","Watersipora_subtorquata","Watersipora subtorquata","Watersipora_subtorquata_ott160276","yes","Gymnolaemata","Watersipora subtorquata"
"403","Abax_parallelepipedus","Abax parallelepipedus","Abax_parallelepipedus_lombardus_ott348277","yes","Insecta","Abax parallelepipedus"
"404","Acyrthosiphon_pisum","Acyrthosiphon pisum","Acyrthosiphon_pisum_ott814484","yes","Insecta","Acyrthosiphon pisum"
"405","Cephaloleia_fenestrata","Cephaloleia fenestrata","Cephaloleia_fenestrata_ott789294","yes","Insecta","Cephaloleia fenestrata"
"406","Cicindela_ohlone","Cicindela ohlone","Cicindela_ohlone_ott3426015","yes","Insecta","Cicindela ohlone"
"407","Lucanus_miwai","Lucanus miwai","Lucanus_miwai_ott1083641","yes","Insecta","Lucanus miwai"
"408","Panstrongylus_geniculatus","Panstrongylus geniculatus","Panstrongylus_geniculatus_ott673123","yes","Insecta","Panstrongylus geniculatus"
"409","Scolytus_ventralis","Scolytus ventralis","Scolytus_ventralis_ott474996","yes","Insecta","Scolytus ventralis"
"410","Callinectes_sapidus","Callinectes sapidus","Callinectes_sapidus_ott182906","yes","Malacostraca","Callinectes sapidus"
"411","Cardisoma_guanhumi","Cardisoma guanhumi","Cardisoma_guanhumi_ott182900","yes","Malacostraca","Cardisoma guanhumi"
"412","Palaemonetes_pugio","Palaemonetes pugio","Palaemonetes_pugio","no","Malacostraca","Palaemonetes pugio"
"413","Porcellio_scaber","Porcellio scaber","Porcellio_scaber_ott84741","yes","Malacostraca","Porcellio scaber"
"414","Cercopithecus_mitis","Cercopithecus mitis","Cercopithecus_mitis_mitis_ott4117760","yes","Mammalia","Cercopithecus mitis"
"415","Didelphis_aurita","Didelphis aurita","Didelphis_aurita_ott810918","yes","Mammalia","Didelphis aurita"
"416","Eidolon_helvum","Eidolon helvum","Eidolon_helvum_ott610862","yes","Mammalia","Eidolon helvum"
"417","Hippocamelus_bisulcus","Hippocamelus bisulcus","Hippocamelus_bisulcus_ott1063454","yes","Mammalia","Hippocamelus bisulcus"
"418","Macaca_mulatta","Macaca mulatta","Macaca_mulatta_lasiotus_ott5560516","yes","Mammalia","Macaca mulatta"
"419","Marmota_flaviventris","Marmota flaviventris","Marmota_flaviventris_luteola_ott460174","yes","Mammalia","Marmota flaviventris"
"420","Odocoileus_virginianus","Odocoileus virginianus","Odocoileus_virginianus_dakotensis_ott410142","yes","Mammalia","Odocoileus virginianus"
"421","Ovis_canadensis","Ovis canadensis","Ovis_canadensis_canadensis_ott680226","yes","Mammalia","Ovis canadensis"
"422","Peromyscus_maniculatus","Peromyscus maniculatus","Peromyscus_maniculatus_coolidgei_ott259485","yes","Mammalia","Peromyscus maniculatus"
"423","Petauroides_volans","Petauroides volans","Petauroides_volans_ott1057268","yes","Mammalia","Petauroides volans"
"424","Petaurus_australis","Petaurus australis","Petaurus_australis_ott630919","yes","Mammalia","Petaurus australis"
"425","Phascolarctos_cinereus","Phascolarctos cinereus","Phascolarctos_cinereus_victor_ott985451","yes","Mammalia","Phascolarctos cinereus"
"426","Phocarctos_hookeri","Phocarctos hookeri","Phocarctos_hookeri_ott949672","yes","Mammalia","Phocarctos hookeri"
"427","Saguinus_fuscicollis","Saguinus fuscicollis","Saguinus_fuscicollis_weddelli_ott146657","yes","Mammalia","Saguinus fuscicollis"
"428","Sigmodon_hispidus","Sigmodon hispidus","Sigmodon_hispidus_chiriquensis_ott208424","yes","Mammalia","Sigmodon hispidus"
"429","Urocitellus_armatus","Urocitellus armatus","Urocitellus_armatus_ott359110","yes","Mammalia","Urocitellus armatus"
"430","Sus_scrofa","Sus scrofa","Sus_scrofa_cristatus_ott232249","yes","Mammalia","Sus scrofa"
"431","Urocyon_littoralis","Urocyon littoralis","Urocyon_littoralis_catalinae_ott5839540","yes","Mammalia","Urocyon littoralis"
"432","Ursus_americanus","Ursus americanus","Ursus_americanus_americanus_ott391593","yes","Mammalia","Ursus americanus"
"433","Ursus_maritimus","Ursus maritimus","Ursus_maritimus_ott10732","yes","Mammalia","Ursus maritimus"
"434","Vulpes_vulpes","Vulpes vulpes","Vulpes_vulpes_japonica_ott815800","yes","Mammalia","Vulpes vulpes"
"435","Ziphiidae_sp.","Ziphiidae sp.","Ziphiidae_sp.","no","Mammalia","Ziphiidae sp."
"436","Arctodiaptomus_salinus","Arctodiaptomus salinus","Arctodiaptomus_salinus_ott381989","yes","Maxillopoda","Arctodiaptomus salinus"
"437","Amphiascus_tenuiremis","Amphiascus tenuiremis","Amphiascus_tenuiremis_ott595191","yes","Maxillopoda","Amphiascus tenuiremis"
"438","Stratiodrilus_aeglaphilus","Stratiodrilus aeglaphilus","Stratiodrilus_aeglaphilus_ott4979216","yes","Polychaeta","Stratiodrilus aeglaphilus"
"439","Alligator_mississippiensis","Alligator mississippiensis","Alligator_mississippiensis_ott335590","yes","Reptilia","Alligator mississippiensis"
"440","Apalone_mutica","Apalone mutica","Apalone_mutica_ott598956","yes","Reptilia","Apalone mutica"
"441","Apalone_spinifera","Apalone spinifera","Apalone_spinifera_hartwegi_ott99343","yes","Reptilia","Apalone spinifera"
"442","Caiman_crocodilus","Caiman crocodilus","Caiman_crocodilus_crocodilus_ott31216","yes","Reptilia","Caiman crocodilus"
"443","Caretta_caretta","Caretta caretta","Caretta_caretta_ott392505","yes","Reptilia","Caretta caretta"
"444","Chelodina_expansa","Chelodina expansa","Chelodina_expansa_ott642964","yes","Reptilia","Chelodina expansa"
"445","Chelonia_mydas","Chelonia mydas","Chelonia_mydas_agassizi_ott346990","yes","Reptilia","Chelonia mydas"
"446","Chelydra_serpentina","Chelydra serpentina","Chelydra_serpentina_ott587311","yes","Reptilia","Chelydra serpentina"
"447","Clemmys_guttata","Clemmys guttata","Clemmys_guttata_ott436621","yes","Reptilia","Clemmys guttata"
"448","Crocodylus_johnsoni","Crocodylus johnsoni","Crocodylus_johnsoni_ott458978","yes","Reptilia","Crocodylus johnsoni"
"449","Crocodylus_niloticus","Crocodylus niloticus","Crocodylus_niloticus_ott35864","yes","Reptilia","Crocodylus niloticus"
"450","Drymarchon_couperi","Drymarchon couperi","Drymarchon_couperi_ott63064","yes","Reptilia","Drymarchon couperi"
"451","Emydura_macquarii","Emydura macquarii","Emydura_macquarii_krefftii_ott687926","yes","Reptilia","Emydura macquarii"
"452","Gopherus_agassizii","Gopherus agassizii","Gopherus_agassizii_ott831059","yes","Reptilia","Gopherus agassizii"
"453","Kinosternon_integrum","Kinosternon integrum","Kinosternon_integrum_ott944915","yes","Reptilia","Kinosternon integrum"
"454","Lacerta_agilis","Lacerta agilis","Lacerta_agilis_agilis_ott188787","yes","Reptilia","Lacerta agilis"
"455","Malaclemys_terrapin","Malaclemys terrapin","Malaclemys_terrapin_terrapin_ott227420","yes","Reptilia","Malaclemys terrapin"
"456","Phrynosoma_cornutum","Phrynosoma cornutum","Phrynosoma_cornutum_ott968168","yes","Reptilia","Phrynosoma cornutum"
"457","Podocnemis_lewyana","Podocnemis lewyana","Podocnemis_lewyana_ott211855","yes","Reptilia","Podocnemis lewyana"
"458","Podocnemis_expansa","Podocnemis expansa","Podocnemis_expansa_ott709468","yes","Reptilia","Podocnemis expansa"
"459","Sceloporus_grammicus","Sceloporus grammicus","Sceloporus_grammicus_microlepidotus_ott5925932","yes","Reptilia","Sceloporus grammicus"
"460","Sceloporus_mucronatus_mucronatus","Sceloporus mucronatus mucronatus","Sceloporus_mucronatus_mucronatus_ott57949","yes","Reptilia","Sceloporus mucronatus mucronatus"
"461","Sceloporus_woodi","Sceloporus woodi","Sceloporus_woodi_ott460141","yes","Reptilia","Sceloporus woodi"
"462","Trachemys_scripta","Trachemys scripta","Trachemys_scripta_scripta_ott34957","yes","Reptilia","Trachemys scripta"
"463","Xenosaurus_grandis","Xenosaurus grandis","Xenosaurus_grandis_ott690592","yes","Reptilia","Xenosaurus grandis"
"464","Xenosaurus_platyceps","Xenosaurus platyceps","Xenosaurus_platyceps_ott491076","yes","Reptilia","Xenosaurus platyceps"
"465","Xenosaurus_sp.","Xenosaurus sp.","Xenosaurus_sp.","no","Reptilia","Xenosaurus sp."
"466","Cervus_canadensis","Cervus canadensis","Cervus_canadensis_roosevelti_ott273250","yes","Mammalia","Cervus canadensis"
"467","Puma_concolor","Puma concolor","Puma_concolor_coryi_ott532124","yes","Mammalia","Puma concolor"
"468","Ammocrypta_pellucida","Ammocrypta pellucida","Ammocrypta_pellucida_ott748128","yes","Actinopterygii","Ammocrypta pellucida"
"469","Astroblepus_ubidiai","Astroblepus ubidiai","Astroblepus_ubidiai_ott3623844","yes","Actinopterygii","Astroblepus ubidiai"
"470","Catostomus_commersoni","Catostomus commersoni","Catostomus_commersonii_ott955101","yes","Actinopterygii","Catostomus commersoni"
"471","Erimyzon_sucetta","Erimyzon sucetta","Erimyzon_sucetta_ott235180","yes","Actinopterygii","Erimyzon sucetta"
"472","Hybognathus_argyritis","Hybognathus argyritis","Hybognathus_argyritis_ott333829","yes","Actinopterygii","Hybognathus argyritis"
"473","Notropis_percobromus","Notropis percobromus","Notropis_percobromus_ott403731","yes","Actinopterygii","Notropis percobromus"
"474","Notropis_photogenis","Notropis photogenis","Notropis_photogenis_ott550202","yes","Actinopterygii","Notropis photogenis"
"475","Opsopoeodus_emiliae","Opsopoeodus emiliae","Opsopoeodus_emiliae_ott260128","yes","Actinopterygii","Opsopoeodus emiliae"
"476","Rutilus_rutilus","Rutilus rutilus","Rutilus_rutilus_lacustris_ott888625","yes","Actinopterygii","Rutilus rutilus"
"477","Salvelinus_malma","Salvelinus malma","Salvelinus_malma_lordi_ott331951","yes","Actinopterygii","Salvelinus malma"
"478","Tautogolabrus_adspersus","Tautogolabrus adspersus","Tautogolabrus_adspersus_ott368670","yes","Actinopterygii","Tautogolabrus adspersus"
"479","Zoarces_viviparus","Zoarces viviparus","Zoarces_viviparus_ott752564","yes","Actinopterygii","Zoarces viviparus"
"480","Certhia_americana","Certhia americana","Certhia_americana_ott697024","yes","Aves","Certhia americana"
"481","Haliaeetus_albicilla","Haliaeetus albicilla","Haliaeetus_albicilla_albicilla_ott773042","yes","Aves","Haliaeetus albicilla"
"482","Sternula_antillarum_browni","Sternula antillarum browni","Sternula_antillarum_browni","no","Aves","Sternula antillarum browni"
"483","Tympanuchus_cupido","Tympanuchus cupido","Tympanuchus_cupido_pinnatus_ott234824","yes","Aves","Tympanuchus cupido"
"484","Daphnia_magna","Daphnia magna","Daphnia_magna_ott668392","yes","Branchiopoda","Daphnia magna"
"485","Daphnia_pulex","Daphnia pulex","Daphnia_pulex_ott59086","yes","Branchiopoda","Daphnia pulex"
"486","Helix_aspersa","Helix aspersa","Helix_aspersa_maxima_ott121074","yes",NA,"Cornu aspersa"
"487","Homo_sapiens","Homo sapiens","Homo_sapiens_neanderthalensis_ott83926","yes","Mammalia","Homo sapiens"
"488","Ampelisca_abdita","Ampelisca abdita","Ampelisca_abdita_ott612557","yes","Malacostraca","Ampelisca abdita"
"489","Acinonyx_jubatus","Acinonyx jubatus","Acinonyx_jubatus_ott752759","yes","Mammalia","Acinonyx jubatus"
"490","Ailuropoda_melanoleuca","Ailuropoda melanoleuca","Ailuropoda_melanoleuca_qinlingensis_ott319802","yes","Mammalia","Ailuropoda melanoleuca"
"491","Callorhinus_ursinus","Callorhinus ursinus","Callorhinus_ursinus_ott949693","yes","Mammalia","Callorhinus ursinus"
"492","Callospermophilus_lateralis","Callospermophilus lateralis","Callospermophilus_lateralis_trepidus_ott508651","yes","Mammalia","Callospermophilus lateralis"
"493","Camelus_dromedarius","Camelus dromedarius","Camelus_dromedarius_ott510752","yes","Mammalia","Camelus dromedarius"
"494","Canis_lupus","Canis lupus","Canis_lupus_pallipes_ott47497","yes","Mammalia","Canis lupus"
"495","Castor_canadensis","Castor canadensis","Castor_canadensis_ott886085","yes","Mammalia","Castor canadensis"
"496","Cervus_elaphus","Cervus elaphus","Cervus_elaphus_wallichi_ott1548","yes","Mammalia","Cervus elaphus"
"497","Enhydra_lutris","Enhydra lutris","Enhydra_lutris_kenyoni_ott167828","yes","Mammalia","Enhydra lutris"
"498","Eumetopias_jubatus","Eumetopias jubatus","Eumetopias_jubatus_ott949686","yes","Mammalia","Eumetopias jubatus"
"499","Hemitragus_jemlahicus","Hemitragus jemlahicus","Hemitragus_jemlahicus_schaferi_ott143624","yes","Mammalia","Hemitragus jemlahicus"
"500","Hystrix_refossa","Hystrix refossa","Hystrix_refossa","no","Mammalia","Hystrix refossa"
"501","Kobus_ellipsiprymnus","Kobus ellipsiprymnus","Kobus_ellipsiprymnus_ellipsiprymnus_ott177658","yes","Mammalia","Kobus ellipsiprymnus"
"502","Mirounga_angustirostris","Mirounga angustirostris","Mirounga_angustirostris_ott175268","yes","Mammalia","Mirounga angustirostris"
"503","Phacochoerus_aethiopicus","Phacochoerus aethiopicus","Phacochoerus_aethiopicus_ott983664","yes","Mammalia","Phacochoerus aethiopicus"
"504","Pongo_abelii","Pongo abelii","Pongo_abelii_ott770295","yes","Mammalia","Pongo abelii"
"505","Rangifer_tarandus","Rangifer tarandus","Rangifer_tarandus_platyrhyncus_ott114864","yes","Mammalia","Rangifer tarandus"
"506","Sciurus_niger_cinereus","Sciurus niger cinereus","Sciurus_niger_cinereus","no","Mammalia","Sciurus niger cinereus"
"507","Urocitellus_columbianus","Urocitellus columbianus","Urocitellus_columbianus_columbianus_ott1085364","yes","Mammalia","Urocitellus columbianus"
"508","Spermophilus_dauricus","Spermophilus dauricus","Spermophilus_dauricus_ott359105","yes","Mammalia","Spermophilus dauricus"
"509","Ursus_arctos","Ursus arctos","Ursus_arctos_horribilis_ott350099","yes","Mammalia","Ursus arctos"
"510","Nephtys_incisa","Nephtys incisa","Nephtys_incisa_ott819144","yes","Polychaeta","Nephtys incisa"
"511","Streblospio_benedicti","Streblospio benedicti","Streblospio_benedicti_ott58635","yes","Polychaeta","Streblospio benedicti"
"512","Chrysemys_picta","Chrysemys picta","Chrysemys_picta_picta_ott428497","yes","Reptilia","Chrysemys picta"
"513","Kinosternon_subrubrum","Kinosternon subrubrum","Kinosternon_subrubrum_steindachneri_ott5223436","yes","Reptilia","Kinosternon subrubrum"
"514","Elephas_maximus","Elephas maximus","Elephas_maximus_sumatranus_ott298128","yes","Mammalia","Elephas maximus"
"515","Loxodonta_africana","Loxodonta africana","Loxodonta_africana_knochenhaueri_ott904474","yes","Mammalia","Loxodonta africana"
"516","Urocitellus_beldingi","Urocitellus beldingi","Urocitellus_beldingi_creber_ott359103","yes","Mammalia","Urocitellus beldingi"
"517","Alopex_lagopus","Alopex lagopus","Alopex_lagopus","no","Mammalia","Alopex lagopus"
"518","Arctocephalus_australis","Arctocephalus australis","Arctocephalus_australis_ott796568","yes","Mammalia","Arctocephalus australis"
"519","Capreolus_capreolus","Capreolus capreolus","Capreolus_capreolus_bedfordi_ott833325","yes","Mammalia","Capreolus capreolus"
"520","Cebus_olivaceus","Cebus olivaceus","Cebus_olivaceus_nigrivittatus_ott1031385","yes","Mammalia","Cebus olivaceus"
"521","Connochaetes_taurinus_albojubatus","Connochaetes taurinus albojubatus","Connochaetes_taurinus_albojubatus_ott746478","yes","Mammalia","Connochaetes taurinus albojubatus"
"522","Connochaetes_taurinus_taurinus","Connochaetes taurinus taurinus","Connochaetes_taurinus_taurinus_ott746462","yes","Mammalia","Connochaetes taurinus taurinus"
"523","Cynomys_ludovicianus","Cynomys ludovicianus","Cynomys_ludovicianus_ott580345","yes","Mammalia","Cynomys ludovicianus"
"524","Delphinapterus_leucas","Delphinapterus leucas","Delphinapterus_leucas_ott851318","yes","Mammalia","Delphinapterus leucas"
"525","Equus_hemionus","Equus hemionus","Equus_hemionus_onager_ott613390","yes","Mammalia","Equus hemionus"
"526","Equus_caballus","Equus caballus","Equus_caballus_ott1068218","yes","Mammalia","Equus caballus"
"527","Helogale_parvula","Helogale parvula","Helogale_parvula_ott6940","yes","Mammalia","Helogale parvula"
"528","Lepus_europaeus","Lepus europaeus","Lepus_europaeus_europaeus_ott634766","yes","Mammalia","Lepus europaeus"
"529","Liomys_adspersus","Liomys adspersus","Liomys_adspersus_ott536706","yes","Mammalia","Liomys adspersus"
"530","Lynx_rufus","Lynx rufus","Lynx_rufus_ott507545","yes","Mammalia","Lynx rufus"
"531","Macaca_nemestrina","Macaca nemestrina","Macaca_nemestrina_nemestrina_ott575290","yes","Mammalia","Macaca nemestrina"
"532","Nyctereutes_procyonoides","Nyctereutes procyonoides","Nyctereutes_procyonoides_procyonoides_ott77889","yes","Mammalia","Nyctereutes procyonoides"
"533","Oryzomys_capito","Oryzomys capito","Oryzomys_capito","no","Mammalia","Oryzomys capito"
"534","Ovis_dalli","Ovis dalli","Ovis_dalli_stonei_ott288699","yes","Mammalia","Ovis dalli"
"535","Papio_cynocephalus","Papio cynocephalus","Papio_cynocephalus_ibeanus_ott485691","yes","Mammalia","Papio cynocephalus"
"536","Proechimys_semispinosus","Proechimys semispinosus","Proechimys_semispinosus_calidior_ott7067176","yes","Mammalia","Proechimys semispinosus"
"537","Propithecus_diadema_edwardsi","Propithecus diadema edwardsi","Propithecus_diadema_edwardsi","no","Mammalia","Propithecus diadema edwardsi"
"538","Pteropus_conspicillatus","Pteropus conspicillatus","Pteropus_conspicillatus_ott67622","yes","Mammalia","Pteropus conspicillatus"
"539","Rhinoceros_unicornis","Rhinoceros unicornis","Rhinoceros_unicornis_ott1087496","yes","Mammalia","Rhinoceros unicornis"
"540","Rupicapra_rupicapra","Rupicapra rupicapra","Rupicapra_rupicapra_caucasica_ott132224","yes","Mammalia","Rupicapra rupicapra"
"541","Sciurus_carolinensis","Sciurus carolinensis","Sciurus_carolinensis_carolinensis_ott634765","yes","Mammalia","Sciurus carolinensis"
"542","Ovis_aries","Ovis aries","Ovis_aries_platyura_ott381158","yes","Mammalia","Ovis aries"
"543","Spermophilus_beldingi","Spermophilus beldingi","Spermophilus_beldingi","no","Mammalia","Spermophilus beldingi"
"544","Spermophilus_columbianus","Spermophilus columbianus","Spermophilus_columbianus","no","Mammalia","Spermophilus columbianus"
"545","Spermophilus_lateralis","Spermophilus lateralis","Spermophilus_lateralis","no","Mammalia","Spermophilus lateralis"
"546","Spermophilus_townsendii","Spermophilus townsendii","Spermophilus_townsendii","no","Mammalia","Spermophilus townsendii"
"547","Syncerus_caffer","Syncerus caffer","Syncerus_caffer_aequinoctialis_ott73074","yes","Mammalia","Syncerus caffer"
"548","Theropithecus_gelada","Theropithecus gelada","Theropithecus_gelada_ott741053","yes","Mammalia","Theropithecus gelada"
"549","Tursiops_truncatus","Tursiops truncatus","Tursiops_truncatus_gephyreus_ott246130","yes","Mammalia","Tursiops truncatus"
"550","Urocyon_cinereoargenteus","Urocyon cinereoargenteus","Urocyon_cinereoargenteus_ott685113","yes","Mammalia","Urocyon cinereoargenteus"
"551","Zapus_princeps","Zapus princeps","Zapus_princeps_idahoensis_ott285530","yes","Mammalia","Zapus princeps"
"552","Aepyceros_melampus","Aepyceros melampus","Aepyceros_melampus_melampus_ott920662","yes","Mammalia","Aepyceros melampus"
"553","Alces_alces","Alces alces","Alces_alces_gigas_ott54038","yes","Mammalia","Alces alces"
"554","Apodemus_flavicollis","Apodemus flavicollis","Apodemus_flavicollis_ott1088760","yes","Mammalia","Apodemus flavicollis"
"555","Carollia_perspicillata","Carollia perspicillata","Carollia_perspicillata_ott1039980","yes","Mammalia","Carollia perspicillata"
"556","Cercopithecus_aethiops","Cercopithecus aethiops","Cercopithecus_aethiops","no","Mammalia","Cercopithecus aethiops"
"557","Clethrionomys_glareolus","Clethrionomys glareolus","Clethrionomys_glareolus","no","Mammalia","Clethrionomys glareolus"
"558","Cynomys_gunnisoni","Cynomys gunnisoni","Cynomys_gunnisoni_zuniensis_ott5925565","yes","Mammalia","Cynomys gunnisoni"
"559","Damaliscus_lunatus","Damaliscus lunatus","Damaliscus_lunatus_jimela_ott513787","yes","Mammalia","Damaliscus lunatus"
"560","Dipodomys_spectabilis","Dipodomys spectabilis","Dipodomys_spectabilis_ott748116","yes","Mammalia","Dipodomys spectabilis"
"561","Equus_burchelli","Equus burchelli","Equus_burchellii_cuninghamei_ott3021","yes","Mammalia","Equus burchelli"
"562","Felis_catus","Felis catus","Felis_catus_ott563166","yes","Mammalia","Felis catus"
"563","Halichoerus_grypus","Halichoerus grypus","Halichoerus_grypus_grypus_ott6145546","yes","Mammalia","Halichoerus grypus"
"564","Heteromys_desmarestianus","Heteromys desmarestianus","Heteromys_desmarestianus_desmarestianus_ott487433","yes","Mammalia","Heteromys desmarestianus"
"565","Hystrix_africaeaustralis","Hystrix africaeaustralis","Hystrix_africaeaustralis_ott220335","yes",NA,"Histrix africaeaustralis"
"566","Kobus_defassa_ugandae","Kobus defassa ugandae","Kobus_defassa_ugandae","no","Mammalia","Kobus defassa ugandae"
"567","Kobus_Kob","Kobus Kob","Kobus_Kob","no","Mammalia","Kobus Kob"
"568","Leptonychotes_weddelli","Leptonychotes weddelli","Leptonychotes_weddellii_ott175259","yes","Mammalia","Leptonychotes weddelli"
"569","Liomys_salvini","Liomys salvini","Liomys_salvini_ott536702","yes","Mammalia","Liomys salvini"
"570","Lontra_canadensis","Lontra canadensis","Lontra_canadensis_ott656961","yes","Mammalia","Lutra canadensis"
"571","Macaca_fascicularis","Macaca fascicularis","Macaca_fascicularis_philippinensis_ott575292","yes","Mammalia","Macaca fascicularis"
"572","Macaca_fuscata","Macaca fuscata","Macaca_fuscata_fuscata_ott689663","yes","Mammalia","Macaca fuscata"
"573","Macaca_sinica","Macaca sinica","Macaca_sinica_ott115446","yes","Mammalia","Macaca sinica"
"574","Macaca_thibetana","Macaca thibetana","Macaca_thibetana_thibetana_ott369521","yes","Mammalia","Macaca thibetana"
"575","Martes_pennanti","Martes pennanti","Martes_pennanti_ott4697","yes","Mammalia","Martes pennanti"
"576","Martes_zibellina","Martes zibellina","Martes_zibellina_linkouensis_ott5925606","yes","Mammalia","Martes zibellina"
"577","Meles_meles","Meles meles","Meles_meles_meles_ott135344","yes","Mammalia","Meles meles"
"578","Mephitis_mephitis","Mephitis mephitis","Mephitis_mephitis_ott231602","yes","Mammalia","Mephitis mephitis"
"579","Microtus_oeconomus","Microtus oeconomus","Microtus_oeconomus_hahlovi_ott512249","yes","Mammalia","Microtus oeconomus"
"580","Mirounga_leonina","Mirounga leonina","Mirounga_leonina_ott175270","yes","Mammalia","Mirounga Leonina"
"581","Moschus_berezovskii","Moschus berezovskii","Moschus_berezovskii_bijiangensis_ott233507","yes","Mammalia","Moschus berezovskii"
"582","Mungos_mungo","Mungos mungo","Mungos_mungo_ott333729","yes","Mammalia","Mungos mungo"
"583","Mustela_putorius","Mustela putorius","Mustela_putorius_furo_ott923119","yes","Mammalia","Mustela putorius"
"584","Myocastor_coypus","Myocastor coypus","Myocastor_coypus_ott169715","yes","Mammalia","Myocastor coypus"
"585","Myotis_lucifugus","Myotis lucifugus","Myotis_lucifugus_carissima_ott588213","yes","Mammalia","Myotis lucifugus"
"586","Myotis_myotis","Myotis myotis","Myotis_myotis_myotis_ott610509","yes","Mammalia","Myotis myotis"
"587","Ochotona_princeps","Ochotona princeps","Ochotona_princeps_princeps_ott7067136","yes","Mammalia","Ochotona princeps"
"588","Odocoileus_hemionus","Odocoileus hemionus","Odocoileus_hemionus_fuliginatus_ott90636","yes","Mammalia","Odocoileus hemionus"
"589","Oryctolagus_cuniculus","Oryctolagus cuniculus","Oryctolagus_cuniculus_cuniculus_ott655791","yes","Mammalia","Oryctolagus cuniculus"
"590","Pan_troglodytes","Pan troglodytes","Pan_troglodytes_vellerosus_ott84217","yes","Mammalia","Pan troglodytes"
"591","Papio_anubis","Papio anubis","Papio_anubis_anubis_ott554291","yes","Mammalia","Papio anubis"
"592","Panthera_leo","Panthera leo","Panthera_leo_krugeri_ott371429","yes",NA,"Pathera leo"
"593","Phoca_vitulina","Phoca vitulina","Phoca_vitulina_concolor_ott22069","yes","Mammalia","Phoca vitulina"
"594","Pipistrellus_pipistrellus","Pipistrellus pipistrellus","Pipistrellus_pipistrellus_ott867410","yes","Mammalia","Pipistrellus pipistrellus"
"595","Pipistrellus_subflavus","Pipistrellus subflavus","Pipistrellus_subflavus","no","Mammalia","Pipistrellus subflavus"
"596","Procapra_gutturosa","Procapra gutturosa","Procapra_gutturosa_ott48576","yes","Mammalia","Procapra gutturosa"
"597","Pseudois_nayaur","Pseudois nayaur","Pseudois_nayaur_nayaur_ott5559083","yes","Mammalia","Pseudois nayaur"
"598","Rhinolophus_ferrumequinum","Rhinolophus ferrumequinum","Rhinolophus_ferrumequinum_korai_ott123718","yes","Mammalia","Rhinolophus ferrumequinum"
"599","Spermophilus_armatus","Spermophilus armatus","Spermophilus_armatus","no","Mammalia","Spermophilus armatus"
"600","Spermophilus_brunneus_brunneus","Spermophilus brunneus brunneus","Spermophilus_brunneus_brunneus","no","Mammalia","Spermophilus brunneus brunneus"
"601","Spermophilus_dauricus_alaschanicus","Spermophilus dauricus alaschanicus","Spermophilus_dauricus_alaschanicus","no","Mammalia","Spermophilus dauricus alaschanicus"
"602","Tachyoryctes_splendens","Tachyoryctes splendens","Tachyoryctes_splendens_ott756782","yes","Mammalia","Tachyoryctes splendens"
"603","Tamias_striatus","Tamias striatus","Tamias_striatus_fisheri_ott599879","yes","Mammalia","Tamias striatus"
"604","Tamiasciurus_hudsonicus","Tamiasciurus hudsonicus","Tamiasciurus_hudsonicus_mogollonensis_ott131937","yes","Mammalia","Tamiasciurus hudsonicus"
"605","Tayassu_pecari","Tayassu pecari","Tayassu_pecari_ott906307","yes","Mammalia","Tayassu pecari"
"606","Tayassu_tajacu","Tayassu tajacu","Tayassu_tajacu","no","Mammalia","Tayassu tajacu"
"607","Trichechus_manatus","Trichechus manatus","Trichechus_manatus_latirostris_ott816446","yes","Mammalia","Trichechus manatus"
"608","Zapus_hudsonius","Zapus hudsonius","Zapus_hudsonius_preblei_ott285541","yes",NA,"Zapus hodsonius"
"609","Cyprinus_carpio","Cyprinus carpio","Cyprinus_carpio_carpio_ott943997","yes","Actinopterygii","Cyprinus carpio"
"610","Genypterus_blacodes","Genypterus blacodes","Genypterus_blacodes_ott149385","yes","Actinopterygii","Genypterus blacodes"
"611","Maccullochella_peelii","Maccullochella peelii","Maccullochella_peelii_peelii_ott538662","yes","Actinopterygii","Maccullochella peelii"
"612","Macquaria_ambigua","Macquaria ambigua","Macquaria_ambigua_ott538635","yes","Actinopterygii","Macquaria ambigua"
"613","Oncorhynchus_clarkii_lewisi","Oncorhynchus clarkii lewisi","Oncorhynchus_clarkii_lewisi_ott643984","yes","Actinopterygii","Oncorhynchus clarkii lewisi"
"614","Pimephales_promelas","Pimephales promelas","Pimephales_promelas_ott564459","yes","Actinopterygii","Pimephales promelas"
"615","Stellifer_illecebrosus","Stellifer illecebrosus","Stellifer_illecebrosus_ott248121","yes","Actinopterygii","Stellifer illecebrosus"
"616","Accipiter_cooperii","Accipiter cooperii","Accipiter_cooperii_ott764598","yes","Aves","Accipiter cooperii"
"617","Accipiter_gentilis","Accipiter gentilis","Accipiter_gentilis_schvedowi_ott11582","yes","Aves","Accipiter gentilis"
"618","Agelaius_phoeniceus","Agelaius phoeniceus","Agelaius_phoeniceus_arctolegus_ott430627","yes","Aves","Agelaius phoeniceus"
"619","Alcedo_atthis","Alcedo atthis","Alcedo_atthis_bengalensis_ott861000","yes","Aves","Alcedo atthis"
"620","Anarhynchus_frontalis","Anarhynchus frontalis","Anarhynchus_frontalis_ott703810","yes","Aves","Anarhynchus frontalis"
"621","Anas_laysanensis","Anas laysanensis","Anas_laysanensis_ott339494","yes","Aves","Anas laysanensis"
"622","Anas_platyrhynchos","Anas platyrhynchos","Anas_platyrhynchos_platyrhynchos_ott190881","yes","Aves","Anas platyrhynchos"
"623","Anser_anser","Anser anser","Anser_anser_domesticus_ott190877","yes","Aves","Anser anser"
"624","Chen_caerulescens","Chen caerulescens","Chen_caerulescens","no","Aves","Chen caerulescens"
"625","Anthropoides_paradiseus","Anthropoides paradiseus","Anthropoides_paradiseus_ott510573","yes","Aves","Anthropoides paradiseus"
"626","Aquila_fasciata","Aquila fasciata","Aquila_fasciata","no","Aves","Aquila fasciata"
"627","Bonasa_umbellus","Bonasa umbellus","Bonasa_umbellus_ott728082","yes","Aves","Bonasa umbellus"
"628","Bostrychia_hagedash","Bostrychia hagedash","Bostrychia_hagedash_ott3596735","yes","Aves","Bostrychia hagedash"
"629","Bubo_virginianus","Bubo virginianus","Bubo_virginianus_virginianus_ott4797","yes","Aves","Bubo virginianus"
"630","Buteo_jamaicensis","Buteo jamaicensis","Buteo_jamaicensis_calurus_ott33792","yes","Aves","Buteo jamaicensis"
"631","Buteo_lineatus","Buteo lineatus","Buteo_lineatus_lineatus_ott288733","yes","Aves","Buteo lineatus"
"632","Buteo_solitarius","Buteo solitarius","Buteo_solitarius_ott34350","yes","Aves","Buteo solitarius"
"633","Calidris_temminckii","Calidris temminckii","Calidris_temminckii_ott149072","yes","Aves","Calidris temminckii"
"634","Calyptorhynchus_lathami","Calyptorhynchus lathami","Calyptorhynchus_lathami_ott716372","yes","Aves","Calyptorhynchus lathami"
"635","Centrocercus_minimus","Centrocercus minimus","Centrocercus_minimus_ott909953","yes","Aves","Centrocercus minimus"
"636","Cistothorus_palustris","Cistothorus palustris","Cistothorus_palustris_ott932504","yes","Aves","Cistothorus palustris"
"637","Coragyps_atratus","Coragyps atratus","Coragyps_atratus_ott316995","yes","Aves","Coragyps atratus"
"638","Dendragapus_obscurus","Dendragapus obscurus","Dendragapus_obscurus_obscurus_ott7068166","yes","Aves","Dendragapus obscurus"
"639","Setophaga_cerulea","Setophaga cerulea","Setophaga_cerulea_ott545135","yes","Aves","Setophaga cerulea"
"640","Dryocopus_pileatus","Dryocopus pileatus","Dryocopus_pileatus_ott733984","yes","Aves","Dryocopus pileatus"
"641","Falco_naumanni","Falco naumanni","Falco_naumanni_ott624976","yes","Aves","Falco naumanni"
"642","Fulmarus_glacialis","Fulmarus glacialis","Fulmarus_glacialis_rodgersi_ott894789","yes","Aves","Fulmarus glacialis"
"643","Gavia_immer","Gavia immer","Gavia_immer_ott1057518","yes","Aves","Gavia immer"
"644","Gyps_coprotheres","Gyps coprotheres","Gyps_coprotheres_ott263136","yes","Aves","Gyps coprotheres"
"645","Himantopus_novaezelandiae","Himantopus novaezelandiae","Himantopus_novaezelandiae_ott543952","yes","Aves","Himantopus novaezelandiae"
"646","Jynx_torquilla","Jynx torquilla","Jynx_torquilla_torquilla_ott5560391","yes","Aves","Jynx torquilla"
"647","Lagopus_leucura","Lagopus leucura","Lagopus_leucura_ott928346","yes","Aves","Lagopus leucura"
"648","Lagopus_muta","Lagopus muta","Lagopus_muta_pyrenaica_ott539045","yes","Aves","Lagopus muta"
"649","Milvus_migrans","Milvus migrans","Milvus_migrans_migrans_ott68001","yes","Aves","Milvus migrans"
"650","Perisoreus_canadensis","Perisoreus canadensis","Perisoreus_canadensis_ott906628","yes","Aves","Perisoreus canadensis"
"651","Pernis_apivorus","Pernis apivorus","Pernis_apivorus_ott1035863","yes","Aves","Pernis apivorus"
"652","Phalacrocorax_auritus","Phalacrocorax auritus","Phalacrocorax_auritus","no","Aves","Phalacrocorax auritus"
"653","Picoides_arcticus","Picoides arcticus","Picoides_arcticus_ott329874","yes","Aves","Picoides arcticus"
"654","Picoides_borealis","Picoides borealis","Picoides_borealis_ott701708","yes","Aves","Picoides borealis"
"655","Poecile_atricapillus","Poecile atricapillus","Poecile_atricapillus_ott17262","yes","Aves","Poecile atricapillus"
"656","Puffinus_auricularis","Puffinus auricularis","Puffinus_auricularis_auricularis_ott5860910","yes","Aves","Puffinus auricularis"
"657","Strix_occidentalis","Strix occidentalis","Strix_occidentalis_occidentalis_ott273905","yes","Aves","Strix occidentalis"
"658","Sturnella_neglecta","Sturnella neglecta","Sturnella_neglecta_ott283666","yes","Aves","Sturnella neglecta"
"659","Turdus_torquatus","Turdus torquatus","Turdus_torquatus_torquatus_ott1046625","yes","Aves","Turdus torquatus"
"660","Vermivora_chrysoptera","Vermivora chrysoptera","Vermivora_chrysoptera_ott85249","yes","Aves","Vermivora chrysoptera"
"661","Vireo_latimeri","Vireo latimeri","Vireo_latimeri_ott583037","yes","Aves","Vireo latimeri"
"662","Zenaida_macroura","Zenaida macroura","Zenaida_macroura_ott183576","yes","Aves","Zenaida macroura"
"663","Zonotrichia_leucophrys","Zonotrichia leucophrys","Zonotrichia_leucophrys_gambelii_ott125079","yes","Aves","Zonotrichia leucophrys"
"664","Mya_arenaria","Mya arenaria","Mya_arenaria_ott7366","yes","Bivalvia","Mya arenaria"
"665","Brachyteles_hypoxanthus","Brachyteles hypoxanthus","Brachyteles_hypoxanthus_ott574171","yes","Mammalia","Brachyteles hypoxanthus"
"666","Canis_latrans","Canis latrans","Canis_latrans_ott247331","yes","Mammalia","Canis latrans"
"667","Capra_ibex","Capra ibex","Capra_ibex_ibex_ott862859","yes","Mammalia","Capra ibex"
"668","Cebus_capucinus","Cebus capucinus","Cebus_capucinus_imitator_ott5925585","yes","Mammalia","Cebus capucinus"
"669","Clethrionomys_rufocanus","Clethrionomys rufocanus","Clethrionomys_rufocanus","no","Mammalia","Clethrionomys rufocanus"
"670","Gorilla_beringei_beringei","Gorilla beringei beringei","Gorilla_beringei_beringei_ott624503","yes","Mammalia","Gorilla beringei beringei"
"671","Gulo_gulo","Gulo gulo","Gulo_gulo_ott178247","yes","Mammalia","Gulo gulo"
"673","Lycaon_pictus","Lycaon pictus","Lycaon_pictus_ott821953","yes","Mammalia","Lycaon pictus"
"674","Macropus_eugenii","Macropus eugenii","Macropus_eugenii","no","Mammalia","Macropus eugenii"
"676","Mustela_erminea","Mustela erminea","Mustela_erminea_ott681184","yes","Mammalia","Mustela erminea"
"677","Onychogalea_fraenata","Onychogalea fraenata","Onychogalea_fraenata_ott234941","yes","Mammalia","Onychogalea fraenata"
"678","Pan_troglodytes_schweinfurthii","Pan troglodytes schweinfurthii","Pan_troglodytes_schweinfurthii_ott752845","yes","Mammalia","Pan troglodytes schweinfurthii"
"679","Panthera_pardus","Panthera pardus","Panthera_pardus_orientalis_ott42318","yes","Mammalia","Panthera pardus"
"680","Procyon_lotor","Procyon lotor","Procyon_lotor_pallidus_ott203417","yes","Mammalia","Procyon lotor"
"681","Propithecus_verreauxi","Propithecus verreauxi","Propithecus_verreauxi_verreauxi_ott729086","yes","Mammalia","Propithecus verreauxi"
"682","Lycalopex_culpaeus","Lycalopex culpaeus","Lycalopex_culpaeus_ott776077","yes","Mammalia","Lycalopex culpaeus"
"683","Tamiasciurus_douglasii","Tamiasciurus douglasii","Tamiasciurus_douglasii_ott345257","yes","Mammalia","Tamiasciurus douglasii"
"684","Cryptophis_nigrescens","Cryptophis nigrescens","Cryptophis_nigrescens_ott67154","yes","Reptilia","Cryptophis nigrescens"
"685","Hoplocephalus_bungaroides","Hoplocephalus bungaroides","Hoplocephalus_bungaroides_ott819492","yes","Reptilia","Hoplocephalus bungaroides"
"686","Epidalea_calamita","Epidalea calamita","Epidalea_calamita_ott436364","yes","Amphibia","Epidalea calamita"
"687","Dugong_dugon","Dugong dugon","Dugong_dugon_ott835324","yes","Mammalia","Dugong dugon"
"688","Leopardus_pardalis","Leopardus pardalis","Leopardus_pardalis_albescens_ott743811","yes","Mammalia","Leopardus pardalis"
"689","Presbytis_thomasi","Presbytis thomasi","Presbytis_thomasi_ott512437","yes","Mammalia","Presbytis thomasi"
